,timestamp,equity
0,2024-01-01 00:00:00,49981.53450525519
1,2024-01-01 08:00:00,49981.53450525519
2,2024-01-01 16:00:00,63142.32122105755
3,2024-01-02 00:00:00,63072.91864578566
4,2024-01-02 08:00:00,63072.91864578566
5,2024-01-02 16:00:00,112552.42941975925
6,2024-01-03 00:00:00,112456.70298921711
7,2024-01-03 08:00:00,112456.70298921711
8,2024-01-03 16:00:00,180691.68484814014
9,2024-01-04 00:00:00,180644.987442174
10,2024-01-04 08:00:00,180644.987442174
11,2024-01-04 16:00:00,213930.5103204202
12,2024-01-05 00:00:00,213884.72283829082
13,2024-01-05 08:00:00,213884.72283829082
14,2024-01-05 16:00:00,246519.0022756787
15,2024-01-06 00:00:00,246452.29946958637
16,2024-01-06 08:00:00,246452.29946958637
17,2024-01-06 16:00:00,294000.550592144
18,2024-01-07 00:00:00,293958.01915080776
19,2024-01-07 08:00:00,293958.01915080776
20,2024-01-07 16:00:00,324267.1175777076
21,2024-01-08 00:00:00,324244.0964957892
22,2024-01-08 08:00:00,324244.0964957892
23,2024-01-08 16:00:00,340656.6164547159
24,2024-01-09 00:00:00,340601.5913127417
25,2024-01-09 08:00:00,340601.5913127417
26,2024-01-09 16:00:00,379816.13747250923
27,2024-01-10 00:00:00,379751.8595784521
28,2024-01-10 08:00:00,379751.8595784521
29,2024-01-10 16:00:00,425559.19532636815
30,2024-01-11 00:00:00,425464.6231091662
31,2024-01-11 08:00:00,425464.6231091662
32,2024-01-11 16:00:00,492997.07896080095
33,2024-01-12 00:00:00,492964.4566363046
34,2024-01-12 08:00:00,492964.4566363046
35,2024-01-12 16:00:00,516211.96822733356
36,2024-01-13 00:00:00,516188.53184472746
37,2024-01-13 08:00:00,516188.53184472746
38,2024-01-13 16:00:00,532904.5283793802
39,2024-01-14 00:00:00,532823.6583130965
40,2024-01-14 08:00:00,532823.6583130965
41,2024-01-14 16:00:00,590507.1739849208
42,2024-01-15 00:00:00,590469.0329236345
43,2024-01-15 08:00:00,590469.0329236345
44,2024-01-15 16:00:00,617645.1543436125
45,2024-01-16 00:00:00,617592.5698038863
46,2024-01-16 08:00:00,617592.5698038863
47,2024-01-16 16:00:00,655071.2399352901
48,2024-01-17 00:00:00,655019.9717450503
49,2024-01-17 08:00:00,655019.9717450503
50,2024-01-17 16:00:00,691559.0220118772
51,2024-01-18 00:00:00,691527.7903527707
52,2024-01-18 08:00:00,691527.7903527707
53,2024-01-18 16:00:00,713777.1596472746
54,2024-01-19 00:00:00,713727.0981159863
55,2024-01-19 08:00:00,713727.0981159863
56,2024-01-19 16:00:00,749412.387175237
57,2024-01-20 00:00:00,749375.7532729222
58,2024-01-20 08:00:00,749375.7532729222
59,2024-01-20 16:00:00,775484.5667807839
60,2024-01-21 00:00:00,775453.7305315252
61,2024-01-21 08:00:00,775453.7305315252
62,2024-01-21 16:00:00,797415.3214350777
63,2024-01-22 00:00:00,797345.0802497573
64,2024-01-22 08:00:00,797345.0802497573
65,2024-01-22 16:00:00,847455.5395730942
66,2024-01-23 00:00:00,847415.7443199046
67,2024-01-23 08:00:00,847415.7443199046
68,2024-01-23 16:00:00,875776.4020602162
69,2024-01-24 00:00:00,875700.6320873396
70,2024-01-24 08:00:00,875700.6320873396
71,2024-01-24 16:00:00,929740.0750582836
72,2024-01-25 00:00:00,929691.4921664739
73,2024-01-25 08:00:00,929691.4921664739
74,2024-01-25 16:00:00,964313.7958620157
75,2024-01-26 00:00:00,964271.3135861442
76,2024-01-26 08:00:00,964271.3135861442
77,2024-01-26 16:00:00,994554.5204154743
78,2024-01-27 00:00:00,994521.264484912
79,2024-01-27 08:00:00,994521.264484912
80,2024-01-27 16:00:00,1018228.1811005176
81,2024-01-28 00:00:00,1018159.2929722825
82,2024-01-28 08:00:00,1018159.2929722825
83,2024-01-28 16:00:00,1067270.7420889153
84,2024-01-29 00:00:00,1067216.4848233187
85,2024-01-29 08:00:00,1067216.4848233187
86,2024-01-29 16:00:00,1105902.1572201801
87,2024-01-30 00:00:00,1105825.5034221136
88,2024-01-30 08:00:00,1105825.5034221136
89,2024-01-30 16:00:00,1160487.4443164999
90,2024-01-31 00:00:00,1160446.7576681948
91,2024-01-31 08:00:00,1160446.7576681948
92,2024-01-31 16:00:00,1189449.547247935
93,2024-02-01 00:00:00,1189425.0812194974
94,2024-02-01 08:00:00,1189425.0812194974
95,2024-02-01 16:00:00,1206862.439611542
96,2024-02-02 00:00:00,1206821.2983266704
97,2024-02-02 08:00:00,1206821.2983266704
98,2024-02-02 16:00:00,1236151.9503963476
99,2024-02-03 00:00:00,1236098.9961634048
100,2024-02-03 08:00:00,1236098.9961634048
101,2024-02-03 16:00:00,1273868.4353426015
102,2024-02-04 00:00:00,1273829.4235045724
103,2024-02-04 08:00:00,1273829.4235045724
104,2024-02-04 16:00:00,1301630.8901376827
105,2024-02-05 00:00:00,1301558.8001355233
106,2024-02-05 08:00:00,1301558.8001355233
107,2024-02-05 16:00:00,1352956.9337371471
108,2024-02-06 00:00:00,1352897.3840249565
109,2024-02-06 08:00:00,1352897.3840249565
110,2024-02-06 16:00:00,1395361.8101113911
111,2024-02-07 00:00:00,1395262.5360137024
112,2024-02-07 08:00:00,1395262.5360137024
113,2024-02-07 16:00:00,1466073.3708904197
114,2024-02-08 00:00:00,1466023.7004053702
115,2024-02-08 08:00:00,1466023.7004053702
116,2024-02-08 16:00:00,1501450.9010463802
117,2024-02-09 00:00:00,1501378.9841194681
118,2024-02-09 08:00:00,1501378.9841194681
119,2024-02-09 16:00:00,1552664.099303224
120,2024-02-10 00:00:00,1552625.659820792
121,2024-02-10 08:00:00,1552625.659820792
122,2024-02-10 16:00:00,1580028.137937338
123,2024-02-11 00:00:00,1579967.4807628996
124,2024-02-11 08:00:00,1579967.4807628996
125,2024-02-11 16:00:00,1623194.5537394108
126,2024-02-12 00:00:00,1623149.2343846143
127,2024-02-12 08:00:00,1623149.2343846143
128,2024-02-12 16:00:00,1655443.9416453575
129,2024-02-13 00:00:00,1655371.8720344207
130,2024-02-13 08:00:00,1655371.8720344207
131,2024-02-13 16:00:00,1706747.7426255578
132,2024-02-14 00:00:00,1706673.7042266016
133,2024-02-14 08:00:00,1706673.7042266016
134,2024-02-14 16:00:00,1759446.4331049714
135,2024-02-15 00:00:00,1759389.3817273993
136,2024-02-15 08:00:00,1759389.3817273993
137,2024-02-15 16:00:00,1800060.9934569823
138,2024-02-16 00:00:00,1800032.2358535624
139,2024-02-16 08:00:00,1800032.2358535624
140,2024-02-16 16:00:00,1820525.0788056876
141,2024-02-17 00:00:00,1820448.3376481025
142,2024-02-17 08:00:00,1820448.3376481025
143,2024-02-17 16:00:00,1875153.5854220048
144,2024-02-18 00:00:00,1875078.7851931078
145,2024-02-18 08:00:00,1875078.7851931078
146,2024-02-18 16:00:00,1928364.247305525
147,2024-02-19 00:00:00,1928287.2693220114
148,2024-02-19 08:00:00,1928287.2693220114
149,2024-02-19 16:00:00,1983163.4835432293
150,2024-02-20 00:00:00,1983089.6091953055
151,2024-02-20 08:00:00,1983089.6091953055
152,2024-02-20 16:00:00,2035751.5198851798
153,2024-02-21 00:00:00,2035681.6237160682
154,2024-02-21 08:00:00,2035681.6237160682
155,2024-02-21 16:00:00,2085496.0824364647
156,2024-02-22 00:00:00,2085407.8230049552
157,2024-02-22 08:00:00,2085407.8230049552
158,2024-02-22 16:00:00,2148351.785814756
159,2024-02-23 00:00:00,2148292.3650291897
160,2024-02-23 08:00:00,2148292.3650291897
161,2024-02-23 16:00:00,2190642.535810514
162,2024-02-24 00:00:00,2190582.879965833
163,2024-02-24 08:00:00,2190582.879965833
164,2024-02-24 16:00:00,2233111.289543634
165,2024-02-25 00:00:00,2233051.4529072735
166,2024-02-25 08:00:00,2233051.4529072735
167,2024-02-25 16:00:00,2275714.183014283
168,2024-02-26 00:00:00,2275651.0889211046
169,2024-02-26 08:00:00,2275651.0889211046
170,2024-02-26 16:00:00,2320645.7202592255
171,2024-02-27 00:00:00,2320580.5491534923
172,2024-02-27 08:00:00,2320580.5491534923
173,2024-02-27 16:00:00,2367031.437838429
174,2024-02-28 00:00:00,2366986.1128547904
175,2024-02-28 08:00:00,2366986.1128547904
176,2024-02-28 16:00:00,2399309.494307675
177,2024-02-29 00:00:00,2399236.5734841684
178,2024-02-29 08:00:00,2399236.5734841684
179,2024-02-29 16:00:00,2451253.1176401963
180,2024-03-01 00:00:00,2451188.861906463
181,2024-03-01 08:00:00,2451188.861906463
182,2024-03-01 16:00:00,2497010.9181940993
183,2024-03-02 00:00:00,2496939.217113092
184,2024-03-02 08:00:00,2496939.217113092
185,2024-03-02 16:00:00,2548062.8524026903
186,2024-03-03 00:00:00,2548007.1389031056
187,2024-03-03 08:00:00,2548007.1389031056
188,2024-03-03 16:00:00,2587731.2667729207
189,2024-03-04 00:00:00,2587675.252582259
190,2024-03-04 08:00:00,2587675.252582259
191,2024-03-04 16:00:00,2627604.634015959
192,2024-03-05 00:00:00,2627568.9007231216
193,2024-03-05 08:00:00,2627568.9007231216
194,2024-03-05 16:00:00,2653039.0993167106
195,2024-03-06 00:00:00,2653018.846764124
196,2024-03-06 08:00:00,2653018.846764124
197,2024-03-06 16:00:00,2667449.442239658
198,2024-03-07 00:00:00,2667385.0388297252
199,2024-03-07 08:00:00,2667385.0388297252
200,2024-03-07 16:00:00,2713279.497820381
201,2024-03-08 00:00:00,2713228.403836661
202,2024-03-08 08:00:00,2713228.403836661
203,2024-03-08 16:00:00,2749636.3233942576
204,2024-03-09 00:00:00,2749580.4335319307
205,2024-03-09 08:00:00,2749580.4335319307
206,2024-03-09 16:00:00,2789428.3878494543
207,2024-03-10 00:00:00,2789361.344888583
208,2024-03-10 08:00:00,2789361.344888583
209,2024-03-10 16:00:00,2837166.004703653
210,2024-03-11 00:00:00,2837085.6645558383
211,2024-03-11 08:00:00,2837085.6645558383
212,2024-03-11 16:00:00,2894389.8955792096
213,2024-03-12 00:00:00,2894326.3419162636
214,2024-03-12 08:00:00,2894326.3419162636
215,2024-03-12 16:00:00,2939665.3960552327
216,2024-03-13 00:00:00,2939588.115909018
217,2024-03-13 08:00:00,2939588.115909018
218,2024-03-13 16:00:00,2994686.881595778
219,2024-03-14 00:00:00,2994641.490995641
220,2024-03-14 08:00:00,2994641.490995641
221,2024-03-14 16:00:00,3026994.531686319
222,2024-03-15 00:00:00,3026945.0043294067
223,2024-03-15 08:00:00,3026945.0043294067
224,2024-03-15 16:00:00,3062254.8853412885
225,2024-03-16 00:00:00,3062182.2129219053
226,2024-03-16 08:00:00,3062182.2129219053
227,2024-03-16 16:00:00,3114019.7674899264
228,2024-03-17 00:00:00,3113982.5094985208
229,2024-03-17 08:00:00,3113982.5094985208
230,2024-03-17 16:00:00,3140551.671280472
231,2024-03-18 00:00:00,3140496.5192716112
232,2024-03-18 08:00:00,3140496.5192716112
233,2024-03-18 16:00:00,3179809.900898841
234,2024-03-19 00:00:00,3179753.654749641
235,2024-03-19 08:00:00,3179753.654749641
236,2024-03-19 16:00:00,3219867.710108467
237,2024-03-20 00:00:00,3219838.0508247204
238,2024-03-20 08:00:00,3219838.0508247204
239,2024-03-20 16:00:00,3240970.4484563926
240,2024-03-21 00:00:00,3240936.2248059413
241,2024-03-21 08:00:00,3240936.2248059413
242,2024-03-21 16:00:00,3265330.6283395244
243,2024-03-22 00:00:00,3265266.8106104853
244,2024-03-22 08:00:00,3265266.8106104853
245,2024-03-22 16:00:00,3310768.9409357985
246,2024-03-23 00:00:00,3310706.0184246637
247,2024-03-23 08:00:00,3310706.0184246637
248,2024-03-23 16:00:00,3355571.1956411665
249,2024-03-24 00:00:00,3355516.3407747564
250,2024-03-24 08:00:00,3355516.3407747564
251,2024-03-24 16:00:00,3394626.565649293
252,2024-03-25 00:00:00,3394536.875083095
253,2024-03-25 08:00:00,3394536.875083095
254,2024-03-25 16:00:00,3458509.9778147456
255,2024-03-26 00:00:00,3458434.6650634822
256,2024-03-26 08:00:00,3458434.6650634822
257,2024-03-26 16:00:00,3512120.657347697
258,2024-03-27 00:00:00,3512113.3906179047
259,2024-03-27 08:00:00,3512077.3350109463
260,2024-03-27 16:00:00,3517257.2832329758
261,2024-03-28 00:00:00,3542959.012485787
262,2024-03-28 08:00:00,3542918.0395615157
263,2024-03-28 16:00:00,3542918.0395615157
264,2024-03-29 00:00:00,3572125.69450042
265,2024-03-29 08:00:00,3572093.649283319
266,2024-03-29 16:00:00,3572093.649283319
267,2024-03-30 00:00:00,3594950.6197015643
268,2024-03-30 08:00:00,3594900.3938725665
269,2024-03-30 16:00:00,3594900.3938725665
270,2024-03-31 00:00:00,3630687.0978484657
271,2024-03-31 08:00:00,3630527.336195323
272,2024-03-31 16:00:00,3630527.336195323
273,2024-04-01 00:00:00,3744507.446724126
274,2024-04-01 08:00:00,3744371.8548547714
275,2024-04-01 16:00:00,3744371.8548547714
276,2024-04-02 00:00:00,3841230.254410653
277,2024-04-02 08:00:00,3841098.0320033683
278,2024-04-02 16:00:00,3841098.0320033683
279,2024-04-03 00:00:00,3935456.737725939
280,2024-04-03 08:00:00,3935323.469657471
281,2024-04-03 16:00:00,3935323.469657471
282,2024-04-04 00:00:00,4030442.124772867
283,2024-04-04 08:00:00,4030260.856946634
284,2024-04-04 16:00:00,4030260.856946634
285,2024-04-05 00:00:00,4159698.820255269
286,2024-04-05 08:00:00,4159542.540128852
287,2024-04-05 16:00:00,4159542.540128852
288,2024-04-06 00:00:00,4271049.542568194
289,2024-04-06 08:00:00,4270895.409583742
290,2024-04-06 16:00:00,4270895.409583742
291,2024-04-07 00:00:00,4380831.820250591
292,2024-04-07 08:00:00,4380676.571585504
293,2024-04-07 16:00:00,4380676.571585504
294,2024-04-08 00:00:00,4491474.679196267
295,2024-04-08 08:00:00,4491312.917089494
296,2024-04-08 16:00:00,4491312.917089494
297,2024-04-09 00:00:00,4606772.251131658
298,2024-04-09 08:00:00,4606610.756473796
299,2024-04-09 16:00:00,4606610.756473796
300,2024-04-10 00:00:00,4721840.959606869
301,2024-04-10 08:00:00,4721808.643824985
302,2024-04-10 16:00:00,4721808.643824985
303,2024-04-11 00:00:00,4744853.280065747
304,2024-04-11 08:00:00,4744809.157880719
305,2024-04-11 16:00:00,4744809.157880719
306,2024-04-12 00:00:00,4776250.556185796
307,2024-04-12 08:00:00,4776179.255228614
308,2024-04-12 16:00:00,4776179.255228614
309,2024-04-13 00:00:00,4827003.053722796
310,2024-04-13 08:00:00,4826943.400007064
311,2024-04-13 16:00:00,4826943.400007064
312,2024-04-14 00:00:00,4869521.268971847
313,2024-04-14 08:00:00,4869468.537034284
314,2024-04-14 16:00:00,4869468.537034284
315,2024-04-15 00:00:00,4907062.604321222
316,2024-04-15 08:00:00,4907019.003582281
317,2024-04-15 16:00:00,4907019.003582281
318,2024-04-16 00:00:00,4938091.130884974
319,2024-04-16 08:00:00,4938035.243264292
320,2024-04-16 16:00:00,4938035.243264292
321,2024-04-17 00:00:00,4977869.433678192
322,2024-04-17 08:00:00,4977817.390409908
323,2024-04-17 16:00:00,4977817.390409908
324,2024-04-18 00:00:00,5014904.165418623
325,2024-04-18 08:00:00,5014810.45451219
326,2024-04-18 16:00:00,5014810.45451219
327,2024-04-19 00:00:00,5081630.3232541075
328,2024-04-19 08:00:00,5081608.723161026
329,2024-04-19 16:00:00,5081608.723161026
330,2024-04-20 00:00:00,5096992.280779575
331,2024-04-20 08:00:00,5096957.087138094
332,2024-04-20 16:00:00,5096957.087138094
333,2024-04-21 00:00:00,5122033.858486436
334,2024-04-21 08:00:00,5122025.467195928
335,2024-04-21 16:00:00,5122000.295747041
336,2024-04-22 00:00:00,5127981.590913165
337,2024-04-22 08:00:00,5145928.486871421
338,2024-04-22 16:00:00,5145878.905065297
339,2024-04-23 00:00:00,5145878.905065297
340,2024-04-23 08:00:00,5181250.865990286
341,2024-04-23 16:00:00,5181180.687873212
342,2024-04-24 00:00:00,5181180.687873212
343,2024-04-24 08:00:00,5231209.318542374
344,2024-04-24 16:00:00,5231205.013266445
345,2024-04-25 00:00:00,5231169.368147269
346,2024-04-25 08:00:00,5234238.221568738
347,2024-04-25 16:00:00,5259641.718290481
348,2024-04-26 00:00:00,5259598.800342506
349,2024-04-26 08:00:00,5259598.800342506
350,2024-04-26 16:00:00,5290190.392437798
351,2024-04-27 00:00:00,5290122.215514929
352,2024-04-27 08:00:00,5290122.215514929
353,2024-04-27 16:00:00,5338726.583161386
354,2024-04-28 00:00:00,5338680.742866776
355,2024-04-28 08:00:00,5338680.742866776
356,2024-04-28 16:00:00,5371351.635544835
357,2024-04-29 00:00:00,5371270.088170192
358,2024-04-29 08:00:00,5371270.088170192
359,2024-04-29 16:00:00,5429425.359788262
360,2024-04-30 00:00:00,5429357.422890122
361,2024-04-30 08:00:00,5429357.422890122
362,2024-04-30 16:00:00,5477780.479206243
363,2024-05-01 00:00:00,5477728.363503936
364,2024-05-01 08:00:00,5477728.363503936
365,2024-05-01 16:00:00,5514903.4145974675
366,2024-05-02 00:00:00,5514832.005314636
367,2024-05-02 08:00:00,5514832.005314636
368,2024-05-02 16:00:00,5565761.664186035
369,2024-05-03 00:00:00,5565736.234077121
370,2024-05-03 08:00:00,5565736.234077121
371,2024-05-03 16:00:00,5583875.708095564
372,2024-05-04 00:00:00,5583822.058499539
373,2024-05-04 08:00:00,5583822.058499539
374,2024-05-04 16:00:00,5622054.770405403
375,2024-05-05 00:00:00,5622021.698785615
376,2024-05-05 08:00:00,5622021.698785615
377,2024-05-05 16:00:00,5645608.1182596
378,2024-05-06 00:00:00,5645547.588641401
379,2024-05-06 08:00:00,5645547.588641401
380,2024-05-06 16:00:00,5688694.368637259
381,2024-05-07 00:00:00,5688642.912299497
382,2024-05-07 08:00:00,5688642.912299497
383,2024-05-07 16:00:00,5725293.418687536
384,2024-05-08 00:00:00,5725231.544927404
385,2024-05-08 08:00:00,5725231.544927404
386,2024-05-08 16:00:00,5769351.996739981
387,2024-05-09 00:00:00,5769256.159188944
388,2024-05-09 08:00:00,5769256.159188944
389,2024-05-09 16:00:00,5837593.588250031
390,2024-05-10 00:00:00,5837569.621832228
391,2024-05-10 08:00:00,5837569.621832228
392,2024-05-10 16:00:00,5854661.173434254
393,2024-05-11 00:00:00,5854574.258687975
394,2024-05-11 08:00:00,5854574.258687975
395,2024-05-11 16:00:00,5916558.648703026
396,2024-05-12 00:00:00,5916488.862861985
397,2024-05-12 08:00:00,5916488.862861985
398,2024-05-12 16:00:00,5966243.865277134
399,2024-05-13 00:00:00,5966198.669837699
400,2024-05-13 08:00:00,5966198.669837699
401,2024-05-13 16:00:00,5998399.528001138
402,2024-05-14 00:00:00,5998328.902127988
403,2024-05-14 08:00:00,5998328.902127988
404,2024-05-14 16:00:00,6048686.603458372
405,2024-05-15 00:00:00,6048625.250214845
406,2024-05-15 08:00:00,6048625.250214845
407,2024-05-15 16:00:00,6092350.938593412
408,2024-05-16 00:00:00,6092281.868188479
409,2024-05-16 08:00:00,6092281.868188479
410,2024-05-16 16:00:00,6141518.314876301
411,2024-05-17 00:00:00,6141472.330457469
412,2024-05-17 08:00:00,6141472.330457469
413,2024-05-17 16:00:00,6174253.355892727
414,2024-05-18 00:00:00,6174162.982897816
415,2024-05-18 08:00:00,6174162.982897816
416,2024-05-18 16:00:00,6238603.715727805
417,2024-05-19 00:00:00,6238527.995212319
418,2024-05-19 08:00:00,6238527.995212319
419,2024-05-19 16:00:00,6292520.582037388
420,2024-05-20 00:00:00,6292499.907497981
421,2024-05-20 08:00:00,6292499.907497981
422,2024-05-20 16:00:00,6307244.670196815
423,2024-05-21 00:00:00,6307189.154025207
424,2024-05-21 08:00:00,6307189.154025207
425,2024-05-21 16:00:00,6346766.272592144
426,2024-05-22 00:00:00,6346730.437903583
427,2024-05-22 08:00:00,6346730.437903583
428,2024-05-22 16:00:00,6372266.172412178
429,2024-05-23 00:00:00,6372202.96560989
430,2024-05-23 08:00:00,6372202.96560989
431,2024-05-23 16:00:00,6417264.241375311
432,2024-05-24 00:00:00,6417199.9157293355
433,2024-05-24 08:00:00,6417199.9157293355
434,2024-05-24 16:00:00,6463041.738423572
435,2024-05-25 00:00:00,6462999.55396952
436,2024-05-25 08:00:00,6462999.55396952
437,2024-05-25 16:00:00,6493088.378715966
438,2024-05-26 00:00:00,6493029.308295699
439,2024-05-26 08:00:00,6493029.308295699
440,2024-05-26 16:00:00,6535147.737000217
441,2024-05-27 00:00:00,6535085.764459297
442,2024-05-27 08:00:00,6535085.764459297
443,2024-05-27 16:00:00,6579286.136195329
444,2024-05-28 00:00:00,6579230.028040834
445,2024-05-28 08:00:00,6579230.028040834
446,2024-05-28 16:00:00,6619224.069912615
447,2024-05-29 00:00:00,6619127.895930361
448,2024-05-29 08:00:00,6619127.895930361
449,2024-05-29 16:00:00,6687659.840260578
450,2024-05-30 00:00:00,6687601.721237973
451,2024-05-30 08:00:00,6687601.721237973
452,2024-05-30 16:00:00,6729052.881553275
453,2024-05-31 00:00:00,6728986.12119367
454,2024-05-31 08:00:00,6728986.12119367
455,2024-05-31 16:00:00,6776580.374733287
456,2024-06-01 00:00:00,6776493.617146519
457,2024-06-01 08:00:00,6776493.617146519
458,2024-06-01 16:00:00,6838332.130863982
459,2024-06-02 00:00:00,6838271.558925198
460,2024-06-02 08:00:00,6838271.558925198
461,2024-06-02 16:00:00,6881456.84634771
462,2024-06-03 00:00:00,6881403.996939107
463,2024-06-03 08:00:00,6881403.996939107
464,2024-06-03 16:00:00,6919083.629146783
465,2024-06-04 00:00:00,6919032.790129144
466,2024-06-04 08:00:00,6919032.790129144
467,2024-06-04 16:00:00,6955275.119747598
468,2024-06-05 00:00:00,6955245.62688187
469,2024-06-05 08:00:00,6955245.62688187
470,2024-06-05 16:00:00,6976269.371635357
471,2024-06-06 00:00:00,6976221.679600814
472,2024-06-06 08:00:00,6976221.679600814
473,2024-06-06 16:00:00,7010221.497290208
474,2024-06-07 00:00:00,7010162.771392223
475,2024-06-07 08:00:00,7010162.771392223
476,2024-06-07 16:00:00,7052021.551817758
477,2024-06-08 00:00:00,7051946.694784612
478,2024-06-08 08:00:00,7051946.694784612
479,2024-06-08 16:00:00,7105275.267704076
480,2024-06-09 00:00:00,7105216.902141816
481,2024-06-09 08:00:00,7105216.902141816
482,2024-06-09 16:00:00,7146811.053779631
483,2024-06-10 00:00:00,7146768.407148292
484,2024-06-10 08:00:00,7146768.407148292
485,2024-06-10 16:00:00,7177146.513451265
486,2024-06-11 00:00:00,7177082.423221764
487,2024-06-11 08:00:00,7177082.423221764
488,2024-06-11 16:00:00,7222797.701590415
489,2024-06-12 00:00:00,7222755.174423407
490,2024-06-12 08:00:00,7222755.174423407
491,2024-06-12 16:00:00,7253061.403367507
492,2024-06-13 00:00:00,7253045.41289249
493,2024-06-13 08:00:00,7253027.250929006
494,2024-06-13 16:00:00,7264414.668866902
495,2024-06-14 00:00:00,7277350.879418448
496,2024-06-14 08:00:00,7277322.736530466
497,2024-06-14 16:00:00,7277322.736530466
498,2024-06-15 00:00:00,7297377.953349671
499,2024-06-15 08:00:00,7297337.918117128
500,2024-06-15 16:00:00,7297337.918117128
501,2024-06-16 00:00:00,7325872.600734862
502,2024-06-16 08:00:00,7325830.1437878655
503,2024-06-16 16:00:00,7325830.1437878655
504,2024-06-17 00:00:00,7356073.404856637
505,2024-06-17 08:00:00,7356031.725819929
506,2024-06-17 16:00:00,7356031.725819929
507,2024-06-18 00:00:00,7385726.933525558
508,2024-06-18 08:00:00,7385677.710695326
509,2024-06-18 16:00:00,7385677.710695326
510,2024-06-19 00:00:00,7420760.121905567
511,2024-06-19 08:00:00,7420706.077552733
512,2024-06-19 16:00:00,7420706.077552733
513,2024-06-20 00:00:00,7459225.970280843
514,2024-06-20 08:00:00,7459194.652843202
515,2024-06-20 16:00:00,7459194.652843202
516,2024-06-21 00:00:00,7481501.104422891
517,2024-06-21 08:00:00,7481458.805575662
518,2024-06-21 16:00:00,7481458.805575662
519,2024-06-22 00:00:00,7511603.507435105
520,2024-06-22 08:00:00,7511562.34403912
521,2024-06-22 16:00:00,7511562.34403912
522,2024-06-23 00:00:00,7540920.26293626
523,2024-06-23 08:00:00,7540854.093071848
524,2024-06-23 16:00:00,7540854.093071848
525,2024-06-24 00:00:00,7588024.319516827
526,2024-06-24 08:00:00,7587958.472241902
527,2024-06-24 16:00:00,7587958.472241902
528,2024-06-25 00:00:00,7634894.129868911
529,2024-06-25 08:00:00,7634846.51013026
530,2024-06-25 16:00:00,7634846.51013026
531,2024-06-26 00:00:00,7668792.627818663
532,2024-06-26 08:00:00,7668712.220354613
533,2024-06-26 16:00:00,7668712.220354613
534,2024-06-27 00:00:00,7726017.631549033
535,2024-06-27 08:00:00,7725944.023992637
536,2024-06-27 16:00:00,7725944.023992637
537,2024-06-28 00:00:00,7778399.316222199
538,2024-06-28 08:00:00,7778357.837391588
539,2024-06-28 16:00:00,7778357.837391588
540,2024-06-29 00:00:00,7807929.505089383
541,2024-06-29 08:00:00,7807868.269426245
542,2024-06-29 16:00:00,7807868.269426245
543,2024-06-30 00:00:00,7851520.379595721
544,2024-06-30 08:00:00,7851464.475763954
545,2024-06-30 16:00:00,7851464.475763954
546,2024-07-01 00:00:00,7891308.902203094
547,2024-07-01 08:00:00,7891262.288720306
548,2024-07-01 16:00:00,7891262.288720306
549,2024-07-02 00:00:00,7924490.955677462
550,2024-07-02 08:00:00,7924428.723495136
551,2024-07-02 16:00:00,7924428.723495136
552,2024-07-03 00:00:00,7968816.621199997
553,2024-07-03 08:00:00,7968774.894456335
554,2024-07-03 16:00:00,7968774.894456335
555,2024-07-04 00:00:00,7998517.855191651
556,2024-07-04 08:00:00,7998465.243458599
557,2024-07-04 16:00:00,7998465.243458599
558,2024-07-05 00:00:00,8035969.893708386
559,2024-07-05 08:00:00,8035916.782943889
560,2024-07-05 16:00:00,8035916.782943889
561,2024-07-06 00:00:00,8073783.394035022
562,2024-07-06 08:00:00,8073735.034626185
563,2024-07-06 16:00:00,8073735.034626185
564,2024-07-07 00:00:00,8108181.239232859
565,2024-07-07 08:00:00,8108119.154543775
566,2024-07-07 16:00:00,8108119.154543775
567,2024-07-08 00:00:00,8152414.560282217
568,2024-07-08 08:00:00,8152383.260313832
569,2024-07-08 16:00:00,8152383.260313832
570,2024-07-09 00:00:00,8174691.179161469
571,2024-07-09 08:00:00,8174658.435933421
572,2024-07-09 16:00:00,8174658.435933421
573,2024-07-10 00:00:00,8198003.268971594
574,2024-07-10 08:00:00,8197937.436978912
575,2024-07-10 16:00:00,8197937.436978912
576,2024-07-11 00:00:00,8244923.209113571
577,2024-07-11 08:00:00,8244844.610462868
578,2024-07-11 16:00:00,8244844.610462868
579,2024-07-12 00:00:00,8300887.846661613
580,2024-07-12 08:00:00,8300811.242654387
581,2024-07-12 16:00:00,8300811.242654387
582,2024-07-13 00:00:00,8355427.9938208135
583,2024-07-13 08:00:00,8355344.17139691
584,2024-07-13 16:00:00,8355344.17139691
585,2024-07-14 00:00:00,8415126.75199057
586,2024-07-14 08:00:00,8415081.928417096
587,2024-07-14 16:00:00,8415081.928417096
588,2024-07-15 00:00:00,8447047.037216417
589,2024-07-15 08:00:00,8446988.78207222
590,2024-07-15 16:00:00,8446988.78207222
591,2024-07-16 00:00:00,8488549.424279315
592,2024-07-16 08:00:00,8488514.010173135
593,2024-07-16 16:00:00,8488514.010173135
594,2024-07-17 00:00:00,8513761.327848502
595,2024-07-17 08:00:00,8513716.821865855
596,2024-07-17 16:00:00,8513716.821865855
597,2024-07-18 00:00:00,8545443.306543795
598,2024-07-18 08:00:00,8545402.235402593
599,2024-07-18 16:00:00,8545402.235402593
600,2024-07-19 00:00:00,8574694.35363691
601,2024-07-19 08:00:00,8574649.785544686
602,2024-07-19 16:00:00,8574649.785544686
603,2024-07-20 00:00:00,8606415.492408725
604,2024-07-20 08:00:00,8606337.179483173
605,2024-07-20 16:00:00,8606337.179483173
606,2024-07-21 00:00:00,8662141.564658387
607,2024-07-21 08:00:00,8662049.515765432
608,2024-07-21 16:00:00,8662049.515765432
609,2024-07-22 00:00:00,8727672.441334264
610,2024-07-22 08:00:00,8727647.677916108
611,2024-07-22 16:00:00,8727647.677916108
612,2024-07-23 00:00:00,8745294.896021299
613,2024-07-23 08:00:00,8745209.886178793
614,2024-07-23 16:00:00,8745209.886178793
615,2024-07-24 00:00:00,8805795.598891519
616,2024-07-24 08:00:00,8805730.9110517
617,2024-07-24 16:00:00,8805730.9110517
618,2024-07-25 00:00:00,8851848.08100051
619,2024-07-25 08:00:00,8851806.338134896
620,2024-07-25 16:00:00,8851806.338134896
621,2024-07-26 00:00:00,8881542.75043054
622,2024-07-26 08:00:00,8881498.982578944
623,2024-07-26 16:00:00,8881498.982578944
624,2024-07-27 00:00:00,8912708.1512476
625,2024-07-27 08:00:00,8912616.819544781
626,2024-07-27 16:00:00,8912616.819544781
627,2024-07-28 00:00:00,8977728.962990858
628,2024-07-28 08:00:00,8977675.294646716
629,2024-07-28 16:00:00,8977675.294646716
630,2024-07-29 00:00:00,9015934.813004743
631,2024-07-29 08:00:00,9015861.6599086
632,2024-07-29 16:00:00,9015861.6599086
633,2024-07-30 00:00:00,9068000.551590875
634,2024-07-30 08:00:00,9067940.968618274
635,2024-07-30 16:00:00,9067940.968618274
636,2024-07-31 00:00:00,9110397.309419021
637,2024-07-31 08:00:00,9110340.76179966
638,2024-07-31 16:00:00,9110340.76179966
639,2024-08-01 00:00:00,9150659.680854639
640,2024-08-01 08:00:00,9150592.948798534
641,2024-08-01 16:00:00,9150592.948798534
642,2024-08-02 00:00:00,9198160.754942592
643,2024-08-02 08:00:00,9198093.779173354
644,2024-08-02 16:00:00,9198093.779173354
645,2024-08-03 00:00:00,9245839.803261507
646,2024-08-03 08:00:00,9245789.626107225
647,2024-08-03 16:00:00,9245789.626107225
648,2024-08-04 00:00:00,9281537.815165447
649,2024-08-04 08:00:00,9281501.382183643
650,2024-08-04 16:00:00,9281501.382183643
651,2024-08-05 00:00:00,9307461.93316062
652,2024-08-05 08:00:00,9307423.063509032
653,2024-08-05 16:00:00,9307423.063509032
654,2024-08-06 00:00:00,9335142.55415121
655,2024-08-06 08:00:00,9335091.911206685
656,2024-08-06 16:00:00,9335091.911206685
657,2024-08-07 00:00:00,9371195.646220723
658,2024-08-07 08:00:00,9371142.268683804
659,2024-08-07 16:00:00,9371142.268683804
660,2024-08-08 00:00:00,9409180.150354166
661,2024-08-08 08:00:00,9409127.837981679
662,2024-08-08 16:00:00,9409127.837981679
663,2024-08-09 00:00:00,9446411.785164436
664,2024-08-09 08:00:00,9446336.206283282
665,2024-08-09 16:00:00,9446336.206283282
666,2024-08-10 00:00:00,9500194.865057928
667,2024-08-10 08:00:00,9500143.534461599
668,2024-08-10 16:00:00,9500143.534461599
669,2024-08-11 00:00:00,9536765.676740143
670,2024-08-11 08:00:00,9536689.684318718
671,2024-08-11 16:00:00,9536689.684318718
672,2024-08-12 00:00:00,9590893.03046193
673,2024-08-12 08:00:00,9590860.544152897
674,2024-08-12 16:00:00,9590860.544152897
675,2024-08-13 00:00:00,9614014.120201292
676,2024-08-13 08:00:00,9613980.295867598
677,2024-08-13 16:00:00,9613980.295867598
678,2024-08-14 00:00:00,9638084.436938038
679,2024-08-14 08:00:00,9638015.661154402
680,2024-08-14 16:00:00,9638015.661154402
681,2024-08-15 00:00:00,9687059.459901823
682,2024-08-15 08:00:00,9687006.82655943
683,2024-08-15 16:00:00,9687006.82655943
684,2024-08-16 00:00:00,9724539.201723378
685,2024-08-16 08:00:00,9724485.673043324
686,2024-08-16 16:00:00,9724485.673043324
687,2024-08-17 00:00:00,9762651.015149439
688,2024-08-17 08:00:00,9762615.769798422
689,2024-08-17 16:00:00,9762615.769798422
690,2024-08-18 00:00:00,9787729.54354269
691,2024-08-18 08:00:00,9787670.2367057
692,2024-08-18 16:00:00,9787670.2367057
693,2024-08-19 00:00:00,9829983.567339784
694,2024-08-19 08:00:00,9829921.20398004
695,2024-08-19 16:00:00,9829921.20398004
696,2024-08-20 00:00:00,9874369.067840898
697,2024-08-20 08:00:00,9874348.819879208
698,2024-08-20 16:00:00,9874348.819879208
699,2024-08-21 00:00:00,9888780.853119958
700,2024-08-21 08:00:00,9888693.487569965
701,2024-08-21 16:00:00,9888693.487569965
702,2024-08-22 00:00:00,9950989.656916847
703,2024-08-22 08:00:00,9950928.818892634
704,2024-08-22 16:00:00,9950928.818892634
705,2024-08-23 00:00:00,9994280.587056937
706,2024-08-23 08:00:00,9994247.910602015
707,2024-08-23 16:00:00,9994247.910602015
708,2024-08-24 00:00:00,10017538.990493407
709,2024-08-24 08:00:00,10017491.95345994
710,2024-08-24 16:00:00,10017491.95345994
711,2024-08-25 00:00:00,10051000.846518002
712,2024-08-25 08:00:00,10050926.427851895
713,2024-08-25 16:00:00,10050926.427851895
714,2024-08-26 00:00:00,10104007.551204287
715,2024-08-26 08:00:00,10103916.146430511
716,2024-08-26 16:00:00,10103916.146430511
717,2024-08-27 00:00:00,10169044.137978166
718,2024-08-27 08:00:00,10168964.82478448
719,2024-08-27 16:00:00,10168964.82478448
720,2024-08-28 00:00:00,10225521.194087958
721,2024-08-28 08:00:00,10225446.737459568
722,2024-08-28 16:00:00,10225446.737459568
723,2024-08-29 00:00:00,10278532.987140942
724,2024-08-29 08:00:00,10278493.22135962
725,2024-08-29 16:00:00,10278493.22135962
726,2024-08-30 00:00:00,10306835.286835292
727,2024-08-30 08:00:00,10306762.196915561
728,2024-08-30 16:00:00,10306762.196915561
729,2024-08-31 00:00:00,10358862.81366757
730,2024-08-31 08:00:00,10358793.797203133
731,2024-08-31 16:00:00,10358793.797203133
732,2024-09-01 00:00:00,10407968.227579223
733,2024-09-01 08:00:00,10407927.964571936
734,2024-09-01 16:00:00,10407927.964571936
735,2024-09-02 00:00:00,10436627.013719138
736,2024-09-02 08:00:00,10436593.27175779
737,2024-09-02 16:00:00,10436593.27175779
738,2024-09-03 00:00:00,10460626.394804029
739,2024-09-03 08:00:00,10460562.950379206
740,2024-09-03 16:00:00,10460562.950379206
741,2024-09-04 00:00:00,10505803.677592825
742,2024-09-04 08:00:00,10505746.411567003
743,2024-09-04 16:00:00,10505746.411567003
744,2024-09-05 00:00:00,10546580.068886481
745,2024-09-05 08:00:00,10546526.650784206
746,2024-09-05 16:00:00,10546526.650784206
747,2024-09-06 00:00:00,10584598.310252136
748,2024-09-06 08:00:00,10584542.928561166
749,2024-09-06 16:00:00,10584542.928561166
750,2024-09-07 00:00:00,10624040.852813702
751,2024-09-07 08:00:00,10623924.47243305
752,2024-09-07 16:00:00,10623924.47243305
753,2024-09-08 00:00:00,10706895.00374358
754,2024-09-08 08:00:00,10706741.527035993
755,2024-09-08 16:00:00,10706741.527035993
756,2024-09-09 00:00:00,10816372.208600666
757,2024-09-09 08:00:00,10816226.379802546
758,2024-09-09 16:00:00,10816226.379802546
759,2024-09-10 00:00:00,10920323.350443047
760,2024-09-10 08:00:00,10920181.25538784
761,2024-09-10 16:00:00,10920181.25538784
762,2024-09-11 00:00:00,11021545.74493933
763,2024-09-11 08:00:00,11021397.134523729
764,2024-09-11 16:00:00,11021397.134523729
765,2024-09-12 00:00:00,11127441.890050543
766,2024-09-12 08:00:00,11127272.77019049
767,2024-09-12 16:00:00,11127272.77019049
768,2024-09-13 00:00:00,11248067.330664758
769,2024-09-13 08:00:00,11247917.464897389
770,2024-09-13 16:00:00,11247917.464897389
771,2024-09-14 00:00:00,11354914.890707213
772,2024-09-14 08:00:00,11354755.350131642
773,2024-09-14 16:00:00,11354755.350131642
774,2024-09-15 00:00:00,11468598.495564638
775,2024-09-15 08:00:00,11468426.213778175
776,2024-09-15 16:00:00,11468426.213778175
777,2024-09-16 00:00:00,11591383.996120289
778,2024-09-16 08:00:00,11591236.67835516
779,2024-09-16 16:00:00,11591236.67835516
780,2024-09-17 00:00:00,11696333.876260085
781,2024-09-17 08:00:00,11696184.648478968
782,2024-09-17 16:00:00,11696184.648478968
783,2024-09-18 00:00:00,11802689.363610324
784,2024-09-18 08:00:00,11802521.00084044
785,2024-09-18 16:00:00,11802521.00084044
786,2024-09-19 00:00:00,11922632.642880894
787,2024-09-19 08:00:00,11922503.89172055
788,2024-09-19 16:00:00,11922503.89172055
789,2024-09-20 00:00:00,12014331.686263647
790,2024-09-20 08:00:00,12014179.415434936
791,2024-09-20 16:00:00,12014179.415434936
792,2024-09-21 00:00:00,12122790.946210086
793,2024-09-21 08:00:00,12122636.24364333
794,2024-09-21 16:00:00,12122636.24364333
795,2024-09-22 00:00:00,12232996.129116256
796,2024-09-22 08:00:00,12232839.039913807
797,2024-09-22 16:00:00,12232839.039913807
798,2024-09-23 00:00:00,12344991.007715514
799,2024-09-23 08:00:00,12344843.616802255
800,2024-09-23 16:00:00,12344843.616802255
801,2024-09-24 00:00:00,12450095.33380052
802,2024-09-24 08:00:00,12449933.102025783
803,2024-09-24 16:00:00,12449933.102025783
804,2024-09-25 00:00:00,12565759.231167037
805,2024-09-25 08:00:00,12565631.275214277
806,2024-09-25 16:00:00,12565631.275214277
807,2024-09-26 00:00:00,12656923.383106902
808,2024-09-26 08:00:00,12656773.638768014
809,2024-09-26 16:00:00,12656773.638768014
810,2024-09-27 00:00:00,12763617.089559585
811,2024-09-27 08:00:00,12763555.140515473
812,2024-09-27 16:00:00,12763555.140515473
813,2024-09-28 00:00:00,12807692.092696652
814,2024-09-28 08:00:00,12807606.222904203
815,2024-09-28 16:00:00,12807606.222904203
816,2024-09-29 00:00:00,12868843.184716268
817,2024-09-29 08:00:00,12868796.757234847
818,2024-09-29 16:00:00,12868796.757234847
819,2024-09-30 00:00:00,12901884.989825157
820,2024-09-30 08:00:00,12901822.785146963
821,2024-09-30 16:00:00,12901822.785146963
822,2024-10-01 00:00:00,12946163.616514007
823,2024-10-01 08:00:00,12946100.641569594
824,2024-10-01 16:00:00,12946100.641569594
825,2024-10-02 00:00:00,12991001.598115724
826,2024-10-02 08:00:00,12990937.623861128
827,2024-10-02 16:00:00,12990937.623861128
828,2024-10-03 00:00:00,13036568.54426478
829,2024-10-03 08:00:00,13036540.971167317
830,2024-10-03 16:00:00,13036540.971167317
831,2024-10-04 00:00:00,13056195.835298574
832,2024-10-04 08:00:00,13056157.01547969
833,2024-10-04 16:00:00,13056157.01547969
834,2024-10-05 00:00:00,13083833.91258762
835,2024-10-05 08:00:00,13083760.238187384
836,2024-10-05 16:00:00,13083760.238187384
837,2024-10-06 00:00:00,13136294.785122976
838,2024-10-06 08:00:00,13136256.306457292
839,2024-10-06 16:00:00,13136256.306457292
840,2024-10-07 00:00:00,13163699.522308676
841,2024-10-07 08:00:00,13163675.479094204
842,2024-10-07 16:00:00,13163675.479094204
843,2024-10-08 00:00:00,13180822.396804549
844,2024-10-08 08:00:00,13180742.12954399
845,2024-10-08 16:00:00,13180742.12954399
846,2024-10-09 00:00:00,13237987.076890513
847,2024-10-09 08:00:00,13237959.615934242
848,2024-10-09 16:00:00,13237959.615934242
849,2024-10-10 00:00:00,13257551.046038033
850,2024-10-10 08:00:00,13257461.203764696
851,2024-10-10 16:00:00,13257461.203764696
852,2024-10-11 00:00:00,13321552.605187714
853,2024-10-11 08:00:00,13321521.324496457
854,2024-10-11 16:00:00,13321521.324496457
855,2024-10-12 00:00:00,13343817.870182604
856,2024-10-12 08:00:00,13343741.607592478
857,2024-10-12 16:00:00,13343741.607592478
858,2024-10-13 00:00:00,13398129.600852918
859,2024-10-13 08:00:00,13398040.97127331
860,2024-10-13 16:00:00,13398040.97127331
861,2024-10-14 00:00:00,13461266.376355411
862,2024-10-14 08:00:00,13461207.374493165
863,2024-10-14 16:00:00,13461207.374493165
864,2024-10-15 00:00:00,13503257.253456175
865,2024-10-15 08:00:00,13503183.065127615
866,2024-10-15 16:00:00,13503183.065127615
867,2024-10-16 00:00:00,13556064.198824022
868,2024-10-16 08:00:00,13556016.47164586
869,2024-10-16 16:00:00,13556016.47164586
870,2024-10-17 00:00:00,13590035.950919911
871,2024-10-17 08:00:00,13589968.273775663
872,2024-10-17 16:00:00,13589968.273775663
873,2024-10-18 00:00:00,13638220.77565978
874,2024-10-18 08:00:00,13638151.38297952
875,2024-10-18 16:00:00,13638151.38297952
876,2024-10-19 00:00:00,13687631.536639117
877,2024-10-19 08:00:00,13687607.05398659
878,2024-10-19 16:00:00,13687607.05398659
879,2024-10-20 00:00:00,13705065.460503569
880,2024-10-20 08:00:00,13704997.196357744
881,2024-10-20 16:00:00,13704997.196357744
882,2024-10-21 00:00:00,13753660.901235316
883,2024-10-21 08:00:00,13753575.773265526
884,2024-10-21 16:00:00,13753575.773265526
885,2024-10-22 00:00:00,13814285.92370122
886,2024-10-22 08:00:00,13814239.712051935
887,2024-10-22 16:00:00,13814239.712051935
888,2024-10-23 00:00:00,13847190.083748735
889,2024-10-23 08:00:00,13847137.733640099
890,2024-10-23 16:00:00,13847137.733640099
891,2024-10-24 00:00:00,13884454.449373621
892,2024-10-24 08:00:00,13884418.441191893
893,2024-10-24 16:00:00,13884418.441191893
894,2024-10-25 00:00:00,13910088.151463136
895,2024-10-25 08:00:00,13910029.384916283
896,2024-10-25 16:00:00,13910029.384916283
897,2024-10-26 00:00:00,13951941.136863949
898,2024-10-26 08:00:00,13951901.987836614
899,2024-10-26 16:00:00,13951901.987836614
900,2024-10-27 00:00:00,13979843.386291606
901,2024-10-27 08:00:00,13979766.381720964
902,2024-10-27 16:00:00,13979766.381720964
903,2024-10-28 00:00:00,14034642.20986509
904,2024-10-28 08:00:00,14034575.894093525
905,2024-10-28 16:00:00,14034575.894093525
906,2024-10-29 00:00:00,14081853.703244923
907,2024-10-29 08:00:00,14081807.803362977
908,2024-10-29 16:00:00,14081807.803362977
909,2024-10-30 00:00:00,14114514.47741051
910,2024-10-30 08:00:00,14114413.433222719
911,2024-10-30 16:00:00,14114413.433222719
912,2024-10-31 00:00:00,14186454.971651973
913,2024-10-31 08:00:00,14186428.101871043
914,2024-10-31 16:00:00,14186428.101871043
915,2024-11-01 00:00:00,14205591.516620118
916,2024-11-01 08:00:00,14205543.129205978
917,2024-11-01 16:00:00,14205543.129205978
918,2024-11-02 00:00:00,14240034.929059526
919,2024-11-02 08:00:00,14240005.215576617
920,2024-11-02 16:00:00,14240005.215576617
921,2024-11-03 00:00:00,14261171.333585221
922,2024-11-03 08:00:00,14261131.581147581
923,2024-11-03 16:00:00,14261131.581147581
924,2024-11-04 00:00:00,14289475.91547023
925,2024-11-04 08:00:00,14289401.69475945
926,2024-11-04 16:00:00,14289401.69475945
927,2024-11-05 00:00:00,14342309.5154917
928,2024-11-05 08:00:00,14342243.137703044
929,2024-11-05 16:00:00,14342243.137703044
930,2024-11-06 00:00:00,14389550.79362684
931,2024-11-06 08:00:00,14389492.92918386
932,2024-11-06 16:00:00,14389492.92918386
933,2024-11-07 00:00:00,14430739.864177963
934,2024-11-07 08:00:00,14430678.185374966
935,2024-11-07 16:00:00,14430678.185374966
936,2024-11-08 00:00:00,14474663.420188699
937,2024-11-08 08:00:00,14474646.341842052
938,2024-11-08 16:00:00,14474646.341842052
939,2024-11-09 00:00:00,14486820.132827515
940,2024-11-09 08:00:00,14486758.217422972
941,2024-11-09 16:00:00,14486758.217422972
942,2024-11-10 00:00:00,14530893.568881823
943,2024-11-10 08:00:00,14530833.939213643
944,2024-11-10 16:00:00,14530833.939213643
945,2024-11-11 00:00:00,14573338.420750907
946,2024-11-11 08:00:00,14573302.998427777
947,2024-11-11 16:00:00,14573302.998427777
948,2024-11-12 00:00:00,14598556.310660483
949,2024-11-12 08:00:00,14598459.911434289
950,2024-11-12 16:00:00,14598459.911434289
951,2024-11-13 00:00:00,14667219.97735755
952,2024-11-13 08:00:00,14667160.924341636
953,2024-11-13 16:00:00,14667160.924341636
954,2024-11-14 00:00:00,14709246.914264997
955,2024-11-14 08:00:00,14709183.118804093
956,2024-11-14 16:00:00,14709183.118804093
957,2024-11-15 00:00:00,14754654.942485278
958,2024-11-15 08:00:00,14754604.638125846
959,2024-11-15 16:00:00,14754604.638125846
960,2024-11-16 00:00:00,14790439.159479685
961,2024-11-16 08:00:00,14790383.960020773
962,2024-11-16 16:00:00,14790383.960020773
963,2024-11-17 00:00:00,14829740.924250659
964,2024-11-17 08:00:00,14829703.749660164
965,2024-11-17 16:00:00,14829703.749660164
966,2024-11-18 00:00:00,14856211.941251863
967,2024-11-18 08:00:00,14856140.324911948
968,2024-11-18 16:00:00,14856140.324911948
969,2024-11-19 00:00:00,14907198.850146
970,2024-11-19 08:00:00,14907136.811812649
971,2024-11-19 16:00:00,14907136.811812649
972,2024-11-20 00:00:00,14951389.209117943
973,2024-11-20 08:00:00,14951378.380129237
974,2024-11-20 16:00:00,14951353.237070397
975,2024-11-21 00:00:00,14959071.682292907
976,2024-11-21 08:00:00,14976993.418899061
977,2024-11-21 16:00:00,14976927.700946098
978,2024-11-22 00:00:00,14981974.360003466
979,2024-11-22 08:00:00,15028838.779101884
980,2024-11-22 16:00:00,15028786.762101352
981,2024-11-23 00:00:00,15028786.762101352
982,2024-11-23 08:00:00,15065868.785601871
983,2024-11-23 16:00:00,15065811.964084784
984,2024-11-24 00:00:00,15065811.964084784
985,2024-11-24 08:00:00,15106319.22530506
986,2024-11-24 16:00:00,15106253.89171475
987,2024-11-25 00:00:00,15106253.89171475
988,2024-11-25 08:00:00,15152805.275519662
989,2024-11-25 16:00:00,15152777.468746198
990,2024-11-26 00:00:00,15152777.468746198
991,2024-11-26 08:00:00,15172593.087833216
992,2024-11-26 16:00:00,15172547.230920099
993,2024-11-27 00:00:00,15172547.230920099
994,2024-11-27 08:00:00,15205242.242138183
995,2024-11-27 16:00:00,15205227.196114397
996,2024-11-28 00:00:00,15205227.196114397
997,2024-11-28 08:00:00,15215951.129286483
998,2024-11-28 16:00:00,15215883.697932167
999,2024-11-29 00:00:00,15215883.697932167
1000,2024-11-29 08:00:00,15263949.310695475
1001,2024-11-29 16:00:00,15263890.854779825
1002,2024-11-30 00:00:00,15263890.854779825
1003,2024-11-30 08:00:00,15305583.993575916
1004,2024-11-30 16:00:00,15305532.140764019
1005,2024-12-01 00:00:00,15305532.140764019
1006,2024-12-01 08:00:00,15342482.35579427
1007,2024-12-01 16:00:00,15342403.48470378
1008,2024-12-02 00:00:00,15342403.48470378
1009,2024-12-02 08:00:00,15398627.844063714
1010,2024-12-02 16:00:00,15398551.086433055
1011,2024-12-03 00:00:00,15398551.086433055
1012,2024-12-03 08:00:00,15453296.577232383
1013,2024-12-03 16:00:00,15453247.919349873
1014,2024-12-04 00:00:00,15453247.919349873
1015,2024-12-04 08:00:00,15487933.91258865
1016,2024-12-04 16:00:00,15487871.012184666
1017,2024-12-05 00:00:00,15487871.012184666
1018,2024-12-05 08:00:00,15532688.873794105
1019,2024-12-05 16:00:00,15532610.88094726
1020,2024-12-06 00:00:00,15532610.88094726
1021,2024-12-06 08:00:00,15588261.840967126
1022,2024-12-06 16:00:00,15588180.23109333
1023,2024-12-07 00:00:00,15588180.23109333
1024,2024-12-07 08:00:00,15646348.345307523
1025,2024-12-07 16:00:00,15646285.078989884
1026,2024-12-08 00:00:00,15646285.078989884
1027,2024-12-08 08:00:00,15691410.039776968
1028,2024-12-08 16:00:00,15691346.758971747
1029,2024-12-09 00:00:00,15691346.758971747
1030,2024-12-09 08:00:00,15736452.79071609
1031,2024-12-09 16:00:00,15736399.95142836
1032,2024-12-10 00:00:00,15736399.95142836
1033,2024-12-10 08:00:00,15774064.511251267
1034,2024-12-10 16:00:00,15773997.374760153
1035,2024-12-11 00:00:00,15773997.374760153
1036,2024-12-11 08:00:00,15821863.823784791
1037,2024-12-11 16:00:00,15821824.585120507
1038,2024-12-12 00:00:00,15821824.585120507
1039,2024-12-12 08:00:00,15849797.986265412
1040,2024-12-12 16:00:00,15849739.258131102
1041,2024-12-13 00:00:00,15849739.258131102
1042,2024-12-13 08:00:00,15891625.789897641
1043,2024-12-13 16:00:00,15891570.993325723
1044,2024-12-14 00:00:00,15891570.993325723
1045,2024-12-14 08:00:00,15930611.326569492
1046,2024-12-14 16:00:00,15930557.36968574
1047,2024-12-15 00:00:00,15930557.36968574
1048,2024-12-15 08:00:00,15969025.611503089
1049,2024-12-15 16:00:00,15968998.808866661
1050,2024-12-16 00:00:00,15968998.808866661
1051,2024-12-16 08:00:00,15988095.639977288
1052,2024-12-16 16:00:00,15988084.864861002
1053,2024-12-17 00:00:00,15988054.44662836
1054,2024-12-17 08:00:00,15995735.474337239
1055,2024-12-17 16:00:00,16017428.110540899
1056,2024-12-18 00:00:00,16017409.754637696
1057,2024-12-18 08:00:00,16031288.25540865
1058,2024-12-18 16:00:00,16044351.416817896
1059,2024-12-19 00:00:00,16044312.272150911
1060,2024-12-19 08:00:00,16055498.479699668
1061,2024-12-19 16:00:00,16083408.301597312
1062,2024-12-20 00:00:00,16083370.081397105
1063,2024-12-20 08:00:00,16083370.081397105
1064,2024-12-20 16:00:00,16110602.907956753
1065,2024-12-21 00:00:00,16110551.42002356
1066,2024-12-21 08:00:00,16110551.42002356
1067,2024-12-21 16:00:00,16147266.094284834
1068,2024-12-22 00:00:00,16147185.316663628
1069,2024-12-22 08:00:00,16147185.316663628
1070,2024-12-22 16:00:00,16204772.972522775
1071,2024-12-23 00:00:00,16204719.1332975
1072,2024-12-23 08:00:00,16204719.1332975
1073,2024-12-23 16:00:00,16243133.889713075
1074,2024-12-24 00:00:00,16243079.807784252
1075,2024-12-24 08:00:00,16243079.807784252
1076,2024-12-24 16:00:00,16281625.86314461
1077,2024-12-25 00:00:00,16281559.858866027
1078,2024-12-25 08:00:00,16281559.858866027
1079,2024-12-25 16:00:00,16328620.315396864
1080,2024-12-26 00:00:00,16328565.758112513
1081,2024-12-26 08:00:00,16328565.758112513
1082,2024-12-26 16:00:00,16367447.558242487
1083,2024-12-27 00:00:00,16367395.420408806
1084,2024-12-27 08:00:00,16367395.420408806
1085,2024-12-27 16:00:00,16404576.185342517
1086,2024-12-28 00:00:00,16404497.895639097
1087,2024-12-28 08:00:00,16404497.895639097
1088,2024-12-28 16:00:00,16460321.32852145
1089,2024-12-29 00:00:00,16460262.74732165
1090,2024-12-29 08:00:00,16460262.74732165
1091,2024-12-29 16:00:00,16502032.200816875
1092,2024-12-30 00:00:00,16501971.0419417
1093,2024-12-30 08:00:00,16501971.0419417
1094,2024-12-30 16:00:00,16545554.430707647
1095,2024-12-31 00:00:00,16545492.691467969
1096,2024-12-31 08:00:00,16545492.691467969
1097,2024-12-31 16:00:00,16589495.96198756
1098,2025-01-01 00:00:00,16589473.97844279
1099,2025-01-01 08:00:00,16589473.97844279
1100,2025-01-01 16:00:00,16605140.644551782
1101,2025-01-02 00:00:00,16605068.810866645
1102,2025-01-02 08:00:00,16605068.810866645
1103,2025-01-02 16:00:00,16656285.314079747
1104,2025-01-03 00:00:00,16656239.197788773
1105,2025-01-03 08:00:00,16656239.197788773
1106,2025-01-03 16:00:00,16689117.650634777
1107,2025-01-04 00:00:00,16689070.937748307
1108,2025-01-04 08:00:00,16689070.937748307
1109,2025-01-04 16:00:00,16722368.5006416
1110,2025-01-05 00:00:00,16722314.5564529
1111,2025-01-05 08:00:00,16722314.5564529
1112,2025-01-05 16:00:00,16760763.756022288
1113,2025-01-06 00:00:00,16760696.654849736
1114,2025-01-06 08:00:00,16760696.654849736
1115,2025-01-06 16:00:00,16808537.990312103
1116,2025-01-07 00:00:00,16808499.882169064
1117,2025-01-07 08:00:00,16808499.882169064
1118,2025-01-07 16:00:00,16835657.630764745
1119,2025-01-08 00:00:00,16835636.699329156
1120,2025-01-08 08:00:00,16835636.699329156
1121,2025-01-08 16:00:00,16850549.74835841
1122,2025-01-09 00:00:00,16850499.91362271
1123,2025-01-09 08:00:00,16850499.91362271
1124,2025-01-09 16:00:00,16886010.382238273
1125,2025-01-10 00:00:00,16885937.49438017
1126,2025-01-10 08:00:00,16885937.49438017
1127,2025-01-10 16:00:00,16937887.580571495
1128,2025-01-11 00:00:00,16937832.679972816
1129,2025-01-11 08:00:00,16937832.679972816
1130,2025-01-11 16:00:00,16976982.192899603
1131,2025-01-12 00:00:00,16976916.85000959
1132,2025-01-12 08:00:00,16976916.85000959
1133,2025-01-12 16:00:00,17023491.365555245
1134,2025-01-13 00:00:00,17023436.251375303
1135,2025-01-13 08:00:00,17023436.251375303
1136,2025-01-13 16:00:00,17062730.17346692
1137,2025-01-14 00:00:00,17062686.726667397
1138,2025-01-14 08:00:00,17062686.726667397
1139,2025-01-14 16:00:00,17093651.916662224
1140,2025-01-15 00:00:00,17093583.491067883
1141,2025-01-15 08:00:00,17093583.491067883
1142,2025-01-15 16:00:00,17142377.444176804
1143,2025-01-16 00:00:00,17142299.449199513
1144,2025-01-16 08:00:00,17142299.449199513
1145,2025-01-16 16:00:00,17197960.56386587
1146,2025-01-17 00:00:00,17197921.09885926
1147,2025-01-17 08:00:00,17197921.09885926
1148,2025-01-17 16:00:00,17226066.5648514
1149,2025-01-18 00:00:00,17226000.56987086
1150,2025-01-18 08:00:00,17226000.56987086
1151,2025-01-18 16:00:00,17273043.34396277
1152,2025-01-19 00:00:00,17272995.13893893
1153,2025-01-19 08:00:00,17272995.13893893
1154,2025-01-19 16:00:00,17307364.142609622
1155,2025-01-20 00:00:00,17307261.12704867
1156,2025-01-20 08:00:00,17307261.12704867
1157,2025-01-20 16:00:00,17380709.64942863
1158,2025-01-21 00:00:00,17380680.318193294
1159,2025-01-21 08:00:00,17380680.318193294
1160,2025-01-21 16:00:00,17401579.057110872
1161,2025-01-22 00:00:00,17401539.599812463
1162,2025-01-22 08:00:00,17401539.599812463
1163,2025-01-22 16:00:00,17429652.78225698
1164,2025-01-23 00:00:00,17429568.754153766
1165,2025-01-23 08:00:00,17429568.754153766
1166,2025-01-23 16:00:00,17489497.157618653
1167,2025-01-24 00:00:00,17489408.573594373
1168,2025-01-24 08:00:00,17489408.573594373
1169,2025-01-24 16:00:00,17552581.089848638
1170,2025-01-25 00:00:00,17552513.552109264
1171,2025-01-25 08:00:00,17552513.552109264
1172,2025-01-25 16:00:00,17600659.919403967
1173,2025-01-26 00:00:00,17600554.369838357
1174,2025-01-26 08:00:00,17600554.369838357
1175,2025-01-26 16:00:00,17675814.14758505
1176,2025-01-27 00:00:00,17675789.842206586
1177,2025-01-27 08:00:00,17675772.211022742
1178,2025-01-27 16:00:00,17693112.517580234
1179,2025-01-28 00:00:00,17705661.64362544
1180,2025-01-28 08:00:00,17705625.948807366
1181,2025-01-28 16:00:00,17724721.554613493
1182,2025-01-29 00:00:00,17750196.797789793
1183,2025-01-29 08:00:00,17750170.00114146
1184,2025-01-29 16:00:00,17750170.00114146
1185,2025-01-30 00:00:00,17769273.36607641
1186,2025-01-30 08:00:00,17769202.495081846
1187,2025-01-30 16:00:00,17769202.495081846
1188,2025-01-31 00:00:00,17819734.821711108
1189,2025-01-31 08:00:00,17819693.691454943
1190,2025-01-31 16:00:00,17819693.691454943
1191,2025-02-01 00:00:00,17849005.770975694
1192,2025-02-01 08:00:00,17848944.954380356
1193,2025-02-01 16:00:00,17848944.954380356
1194,2025-02-02 00:00:00,17892283.656892586
1195,2025-02-02 08:00:00,17892217.122986015
1196,2025-02-02 16:00:00,17892217.122986015
1197,2025-02-03 00:00:00,17939663.72494554
1198,2025-02-03 08:00:00,17939588.50731215
1199,2025-02-03 16:00:00,17939588.50731215
1200,2025-02-04 00:00:00,17993241.324002307
1201,2025-02-04 08:00:00,17993166.105693385
1202,2025-02-04 16:00:00,17993166.105693385
1203,2025-02-05 00:00:00,18046780.651964746
1204,2025-02-05 08:00:00,18046699.442394268
1205,2025-02-05 16:00:00,18046699.442394268
1206,2025-02-06 00:00:00,18104603.640796185
1207,2025-02-06 08:00:00,18104542.62746099
1208,2025-02-06 16:00:00,18104542.62746099
1209,2025-02-07 00:00:00,18148046.137461457
1210,2025-02-07 08:00:00,18147998.69726746
1211,2025-02-07 16:00:00,18147998.69726746
1212,2025-02-08 00:00:00,18181831.62014773
1213,2025-02-08 08:00:00,18181756.06668302
1214,2025-02-08 16:00:00,18181756.06668302
1215,2025-02-09 00:00:00,18235631.940760445
1216,2025-02-09 08:00:00,18235562.728149734
1217,2025-02-09 16:00:00,18235562.728149734
1218,2025-02-10 00:00:00,18284889.4794427
1219,2025-02-10 08:00:00,18284846.68640705
1220,2025-02-10 16:00:00,18284846.68640705
1221,2025-02-11 00:00:00,18315346.785381842
1222,2025-02-11 08:00:00,18315292.76808789
1223,2025-02-11 16:00:00,18315292.76808789
1224,2025-02-12 00:00:00,18353809.126310363
1225,2025-02-12 08:00:00,18353713.75342296
1226,2025-02-12 16:00:00,18353713.75342296
1227,2025-02-13 00:00:00,18421711.809659656
1228,2025-02-13 08:00:00,18421673.03311986
1229,2025-02-13 16:00:00,18421673.03311986
1230,2025-02-14 00:00:00,18449318.297688194
1231,2025-02-14 08:00:00,18449266.957869966
1232,2025-02-14 16:00:00,18449266.957869966
1233,2025-02-15 00:00:00,18485862.4064796
1234,2025-02-15 08:00:00,18485801.627999857
1235,2025-02-15 16:00:00,18485801.627999857
1236,2025-02-16 00:00:00,18529152.03772064
1237,2025-02-16 08:00:00,18529123.88388276
1238,2025-02-16 16:00:00,18529123.88388276
1239,2025-02-17 00:00:00,18549174.532457687
1240,2025-02-17 08:00:00,18549120.829733968
1241,2025-02-17 16:00:00,18549120.829733968
1242,2025-02-18 00:00:00,18587405.83180817
1243,2025-02-18 08:00:00,18587358.397315044
1244,2025-02-18 16:00:00,18587358.397315044
1245,2025-02-19 00:00:00,18621154.79520348
1246,2025-02-19 08:00:00,18621111.839555465
1247,2025-02-19 16:00:00,18621111.839555465
1248,2025-02-20 00:00:00,18651730.492413685
1249,2025-02-20 08:00:00,18651664.21509951
1250,2025-02-20 16:00:00,18651664.21509951
1251,2025-02-21 00:00:00,18698903.802389827
1252,2025-02-21 08:00:00,18698849.502631836
1253,2025-02-21 16:00:00,18698849.502631836
1254,2025-02-22 00:00:00,18737544.64557785
1255,2025-02-22 08:00:00,18737481.698516674
1256,2025-02-22 16:00:00,18737481.698516674
1257,2025-02-23 00:00:00,18782364.970449477
1258,2025-02-23 08:00:00,18782334.828786887
1259,2025-02-23 16:00:00,18782334.828786887
1260,2025-02-24 00:00:00,18803828.10073391
1261,2025-02-24 08:00:00,18803761.17380166
1262,2025-02-24 16:00:00,18803761.17380166
1263,2025-02-25 00:00:00,18851451.9889931
1264,2025-02-25 08:00:00,18851420.148412243
1265,2025-02-25 16:00:00,18851420.148412243
1266,2025-02-26 00:00:00,18874112.49468304
1267,2025-02-26 08:00:00,18874019.79938067
1268,2025-02-26 16:00:00,18874019.79938067
1269,2025-02-27 00:00:00,18940151.729156364
1270,2025-02-27 08:00:00,18940086.28207288
1271,2025-02-27 16:00:00,18940086.28207288
1272,2025-02-28 00:00:00,18986746.350041606
1273,2025-02-28 08:00:00,18986683.042743858
1274,2025-02-28 16:00:00,18986683.042743858
1275,2025-03-01 00:00:00,19031815.5267918
1276,2025-03-01 08:00:00,19031747.9509658
1277,2025-03-01 16:00:00,19031747.9509658
1278,2025-03-02 00:00:00,19079927.578924976
1279,2025-03-02 08:00:00,19079886.63925759
1280,2025-03-02 16:00:00,19079886.63925759
1281,2025-03-03 00:00:00,19109081.0880952
1282,2025-03-03 08:00:00,19109025.806248203
1283,2025-03-03 16:00:00,19109025.806248203
1284,2025-03-04 00:00:00,19148433.57327298
1285,2025-03-04 08:00:00,19148391.8538587
1286,2025-03-04 16:00:00,19148391.8538587
1287,2025-03-05 00:00:00,19178140.736909736
1288,2025-03-05 08:00:00,19178039.260287527
1289,2025-03-05 16:00:00,19178039.260287527
1290,2025-03-06 00:00:00,19250389.78311389
1291,2025-03-06 08:00:00,19250365.40383683
1292,2025-03-06 16:00:00,19250334.59737647
1293,2025-03-07 00:00:00,19267709.952122044
1294,2025-03-07 08:00:00,19289685.895546187
1295,2025-03-07 16:00:00,19289607.909034807
1296,2025-03-08 00:00:00,19289607.909034807
1297,2025-03-08 08:00:00,19345211.830372512
1298,2025-03-08 16:00:00,19345174.29553997
1299,2025-03-09 00:00:00,19345174.29553997
1300,2025-03-09 08:00:00,19371929.731335
1301,2025-03-09 16:00:00,19371887.794775166
1302,2025-03-10 00:00:00,19371887.794775166
1303,2025-03-10 08:00:00,19401767.074278343
1304,2025-03-10 16:00:00,19401710.73952877
1305,2025-03-11 00:00:00,19401710.73952877
1306,2025-03-11 08:00:00,19441884.64736962
1307,2025-03-11 16:00:00,19441825.399779465
1308,2025-03-12 00:00:00,19441825.399779465
1309,2025-03-12 08:00:00,19484048.83236312
1310,2025-03-12 16:00:00,19483997.02638836
1311,2025-03-13 00:00:00,19483997.02638836
1312,2025-03-13 08:00:00,19520930.566994715
1313,2025-03-13 16:00:00,19520873.625692897
1314,2025-03-14 00:00:00,19520873.625692897
1315,2025-03-14 08:00:00,19561447.589311354
1316,2025-03-14 16:00:00,19561380.648394637
1317,2025-03-15 00:00:00,19561380.648394637
1318,2025-03-15 08:00:00,19609102.410145428
1319,2025-03-15 16:00:00,19609028.416215584
1320,2025-03-16 00:00:00,19609028.416215584
1321,2025-03-16 08:00:00,19661797.364708498
1322,2025-03-16 16:00:00,19661761.73507166
1323,2025-03-17 00:00:00,19661761.73507166
1324,2025-03-17 08:00:00,19687158.22787905
1325,2025-03-17 16:00:00,19687091.66938697
1326,2025-03-18 00:00:00,19687091.66938697
1327,2025-03-18 08:00:00,19734525.32333336
1328,2025-03-18 16:00:00,19734481.298093464
1329,2025-03-19 00:00:00,19734481.298093464
1330,2025-03-19 08:00:00,19765861.99494327
1331,2025-03-19 16:00:00,19765764.383163854
1332,2025-03-20 00:00:00,19765764.383163854
1333,2025-03-20 08:00:00,19835345.667884324
1334,2025-03-20 16:00:00,19835260.68043165
1335,2025-03-21 00:00:00,19835260.68043165
1336,2025-03-21 08:00:00,19895890.32506315
1337,2025-03-21 16:00:00,19895814.45463942
1338,2025-03-22 00:00:00,19895814.45463942
1339,2025-03-22 08:00:00,19949937.497923814
1340,2025-03-22 16:00:00,19949872.750454213
1341,2025-03-23 00:00:00,19949872.750454213
1342,2025-03-23 08:00:00,19996041.89419663
1343,2025-03-23 16:00:00,19995957.74831823
1344,2025-03-24 00:00:00,19995957.74831823
1345,2025-03-24 08:00:00,20055950.706341125
1346,2025-03-24 16:00:00,20055899.507688556
1347,2025-03-25 00:00:00,20055899.507688556
1348,2025-03-25 08:00:00,20092399.46014885
1349,2025-03-25 16:00:00,20092348.242848434
1350,2025-03-26 00:00:00,20092348.242848434
1351,2025-03-26 08:00:00,20128860.485400792
1352,2025-03-26 16:00:00,20128834.77654048
1353,2025-03-27 00:00:00,20128834.77654048
1354,2025-03-27 08:00:00,20147169.95089955
1355,2025-03-27 16:00:00,20147124.655780394
1356,2025-03-28 00:00:00,20147124.655780394
1357,2025-03-28 08:00:00,20179422.845480535
1358,2025-03-28 16:00:00,20179360.10065973
1359,2025-03-29 00:00:00,20179360.10065973
1360,2025-03-29 08:00:00,20224094.738909483
1361,2025-03-29 16:00:00,20224035.09504362
1362,2025-03-30 00:00:00,20224035.09504362
1363,2025-03-30 08:00:00,20266566.318999406
1364,2025-03-30 16:00:00,20266530.035880078
1365,2025-03-31 00:00:00,20266530.035880078
1366,2025-03-31 08:00:00,20292395.036485665
1367,2025-03-31 16:00:00,20292332.53373777
1368,2025-04-01 00:00:00,20292332.53373777
1369,2025-04-01 08:00:00,20336865.46898676
1370,2025-04-01 16:00:00,20336783.840038378
1371,2025-04-02 00:00:00,20336783.840038378
1372,2025-04-02 08:00:00,20394988.41221996
1373,2025-04-02 16:00:00,20394949.464185335
1374,2025-04-03 00:00:00,20394949.464185335
1375,2025-04-03 08:00:00,20422694.188147094
1376,2025-04-03 16:00:00,20422644.557517793
1377,2025-04-04 00:00:00,20422644.557517793
1378,2025-04-04 08:00:00,20458010.441091508
1379,2025-04-04 16:00:00,20457974.65703469
1380,2025-04-05 00:00:00,20457974.65703469
1381,2025-04-05 08:00:00,20483468.6794094
1382,2025-04-05 16:00:00,20483431.77476094
1383,2025-04-06 00:00:00,20483431.77476094
1384,2025-04-06 08:00:00,20509747.311566804
1385,2025-04-06 16:00:00,20509678.74655872
1386,2025-04-07 00:00:00,20509678.74655872
1387,2025-04-07 08:00:00,20558552.44372847
1388,2025-04-07 16:00:00,20558516.56282784
1389,2025-04-08 00:00:00,20558516.56282784
1390,2025-04-08 08:00:00,20584094.46530385
1391,2025-04-08 16:00:00,20584069.359304324
1392,2025-04-09 00:00:00,20584069.359304324
1393,2025-04-09 08:00:00,20601958.218761027
1394,2025-04-09 16:00:00,20601874.278655503
1395,2025-04-10 00:00:00,20601874.278655503
1396,2025-04-10 08:00:00,20661736.213427886
1397,2025-04-10 16:00:00,20661648.713170853
1398,2025-04-11 00:00:00,20661648.713170853
1399,2025-04-11 08:00:00,20724061.848736312
1400,2025-04-11 16:00:00,20723981.09026911
1401,2025-04-12 00:00:00,20723981.09026911
1402,2025-04-12 08:00:00,20781554.43153846
1403,2025-04-12 16:00:00,20781489.923058625
1404,2025-04-13 00:00:00,20781489.923058625
1405,2025-04-13 08:00:00,20827461.538088415
1406,2025-04-13 16:00:00,20827431.092477284
1407,2025-04-14 00:00:00,20827431.092477284
1408,2025-04-14 08:00:00,20849122.16575991
1409,2025-04-14 16:00:00,20849067.97977391
1410,2025-04-15 00:00:00,20849067.97977391
1411,2025-04-15 08:00:00,20887723.238061246
1412,2025-04-15 16:00:00,20887648.922123846
1413,2025-04-16 00:00:00,20887648.922123846
1414,2025-04-16 08:00:00,20940638.513640523
1415,2025-04-16 16:00:00,20940553.082923993
1416,2025-04-17 00:00:00,20940553.082923993
1417,2025-04-17 08:00:00,21001471.14693285
1418,2025-04-17 16:00:00,21001435.477035753
1419,2025-04-18 00:00:00,21001435.477035753
1420,2025-04-18 08:00:00,21026859.078310803
1421,2025-04-18 16:00:00,21026817.41051362
1422,2025-04-19 00:00:00,21026817.41051362
1423,2025-04-19 08:00:00,21056538.057380218
1424,2025-04-19 16:00:00,21056459.910476066
1425,2025-04-20 00:00:00,21056459.910476066
1426,2025-04-20 08:00:00,21112166.82884972
1427,2025-04-20 16:00:00,21112110.82023432
1428,2025-04-21 00:00:00,21112110.82023432
1429,2025-04-21 08:00:00,21152032.273811113
1430,2025-04-21 16:00:00,21151964.091259
1431,2025-04-22 00:00:00,21151964.091259
1432,2025-04-22 08:00:00,21200591.702106807
1433,2025-04-22 16:00:00,21200531.049569994
1434,2025-04-23 00:00:00,21200531.049569994
1435,2025-04-23 08:00:00,21243753.16699388
1436,2025-04-23 16:00:00,21243679.79274298
1437,2025-04-24 00:00:00,21243679.79274298
1438,2025-04-24 08:00:00,21295992.09240733
1439,2025-04-24 16:00:00,21295916.82827164
1440,2025-04-25 00:00:00,21295916.82827164
1441,2025-04-25 08:00:00,21349599.59172426
1442,2025-04-25 16:00:00,21349545.8045076
1443,2025-04-26 00:00:00,21349545.8045076
1444,2025-04-26 08:00:00,21387860.244128466
1445,2025-04-26 16:00:00,21387798.05306143
1446,2025-04-27 00:00:00,21387798.05306143
1447,2025-04-27 08:00:00,21432132.353917733
1448,2025-04-27 16:00:00,21432083.66269593
1449,2025-04-28 00:00:00,21432083.66269593
1450,2025-04-28 08:00:00,21466784.455981784
1451,2025-04-28 16:00:00,21466747.839982886
1452,2025-04-29 00:00:00,21466747.839982886
1453,2025-04-29 08:00:00,21492856.219095573
1454,2025-04-29 16:00:00,21492818.27900544
1455,2025-04-30 00:00:00,21492818.27900544
1456,2025-04-30 08:00:00,21519857.898197934
1457,2025-04-30 16:00:00,21519792.980683453
1458,2025-05-01 00:00:00,21519792.980683453
1459,2025-05-01 08:00:00,21566092.67380823
1460,2025-05-01 16:00:00,21566010.440683063
1461,2025-05-02 00:00:00,21566010.440683063
1462,2025-05-02 08:00:00,21624657.055907547
1463,2025-05-02 16:00:00,21624610.191128332
1464,2025-05-03 00:00:00,21624610.191128332
1465,2025-05-03 08:00:00,21658020.221219387
1466,2025-05-03 16:00:00,21657952.392606784
1467,2025-05-04 00:00:00,21657952.392606784
1468,2025-05-04 08:00:00,21706306.239940327
1469,2025-05-04 16:00:00,21706258.700797874
1470,2025-05-05 00:00:00,21706258.700797874
1471,2025-05-05 08:00:00,21740147.60827964
1472,2025-05-05 16:00:00,21740053.92198381
1473,2025-05-06 00:00:00,21740053.92198381
1474,2025-05-06 08:00:00,21806858.2718206
1475,2025-05-06 16:00:00,21806784.91058392
1476,2025-05-07 00:00:00,21806784.91058392
1477,2025-05-07 08:00:00,21859089.748754367
1478,2025-05-07 16:00:00,21859034.97642941
1479,2025-05-08 00:00:00,21859034.97642941
1480,2025-05-08 08:00:00,21898088.808425073
1481,2025-05-08 16:00:00,21898047.518498152
1482,2025-05-09 00:00:00,21898047.518498152
1483,2025-05-09 08:00:00,21927460.990076732
1484,2025-05-09 16:00:00,21927412.77247133
1485,2025-05-10 00:00:00,21927412.77247133
1486,2025-05-10 08:00:00,21961788.75665773
1487,2025-05-10 16:00:00,21961717.575054836
1488,2025-05-11 00:00:00,21961717.575054836
1489,2025-05-11 08:00:00,22012461.708442204
1490,2025-05-11 16:00:00,22012410.258804444
1491,2025-05-12 00:00:00,22012410.258804444
1492,2025-05-12 08:00:00,22049093.737072892
1493,2025-05-12 16:00:00,22049039.059422877
1494,2025-05-13 00:00:00,22049039.059422877
1495,2025-05-13 08:00:00,22088018.627565928
1496,2025-05-13 16:00:00,22087916.669261135
1497,2025-05-14 00:00:00,22087916.669261135
1498,2025-05-14 08:00:00,22160646.030661643
1499,2025-05-14 16:00:00,22160578.74619014
1500,2025-05-15 00:00:00,22160578.74619014
1501,2025-05-15 08:00:00,22208551.252151214
1502,2025-05-15 16:00:00,22208431.525501944
1503,2025-05-16 00:00:00,22208431.525501944
1504,2025-05-16 08:00:00,22293823.46586595
1505,2025-05-16 16:00:00,22293754.34801827
1506,2025-05-17 00:00:00,22293754.34801827
1507,2025-05-17 08:00:00,22343047.55824935
1508,2025-05-17 16:00:00,22342989.403357375
1509,2025-05-18 00:00:00,22342989.403357375
1510,2025-05-18 08:00:00,22384449.062695123
1511,2025-05-18 16:00:00,22384421.79271829
1512,2025-05-19 00:00:00,22384421.79271829
1513,2025-05-19 08:00:00,22403865.855291534
1514,2025-05-19 16:00:00,22403774.292172987
1515,2025-05-20 00:00:00,22403774.292172987
1516,2025-05-20 08:00:00,22469064.31554005
1517,2025-05-20 16:00:00,22468988.90927592
1518,2025-05-21 00:00:00,22468988.90927592
1519,2025-05-21 08:00:00,22522784.746516958
1520,2025-05-21 16:00:00,22522754.957457386
1521,2025-05-22 00:00:00,22522754.957457386
1522,2025-05-22 08:00:00,22543987.16072745
1523,2025-05-22 16:00:00,22543913.281530622
1524,2025-05-23 00:00:00,22543913.281530622
1525,2025-05-23 08:00:00,22596586.610522036
1526,2025-05-23 16:00:00,22596540.291001875
1527,2025-05-24 00:00:00,22596540.291001875
1528,2025-05-24 08:00:00,22629566.47223923
1529,2025-05-24 16:00:00,22629499.79906802
1530,2025-05-25 00:00:00,22629499.79906802
1531,2025-05-25 08:00:00,22677034.26630492
1532,2025-05-25 16:00:00,22676995.94584849
1533,2025-05-26 00:00:00,22676995.94584849
1534,2025-05-26 08:00:00,22704300.776118778
1535,2025-05-26 16:00:00,22704278.396320887
1536,2025-05-27 00:00:00,22704278.396320887
1537,2025-05-27 08:00:00,22720226.224569358
1538,2025-05-27 16:00:00,22720199.694557242
1539,2025-05-28 00:00:00,22720199.694557242
1540,2025-05-28 08:00:00,22739109.530071795
1541,2025-05-28 16:00:00,22739022.48564944
1542,2025-05-29 00:00:00,22739022.48564944
1543,2025-05-29 08:00:00,22801089.023577143
1544,2025-05-29 16:00:00,22801036.354755692
1545,2025-05-30 00:00:00,22801036.354755692
1546,2025-05-30 08:00:00,22838564.088947363
1547,2025-05-30 16:00:00,22838507.883967314
1548,2025-05-31 00:00:00,22838507.883967314
1549,2025-05-31 08:00:00,22878551.46173083
1550,2025-05-31 16:00:00,22878476.363919538
1551,2025-06-01 00:00:00,22878476.363919538
1552,2025-06-01 08:00:00,22932016.776614863
1553,2025-06-01 16:00:00,22931959.071416456
1554,2025-06-02 00:00:00,22931959.071416456
1555,2025-06-02 08:00:00,22973102.63680639
1556,2025-06-02 16:00:00,22973043.685166832
1557,2025-06-03 00:00:00,22973043.685166832
1558,2025-06-03 08:00:00,23015078.26850342
1559,2025-06-03 16:00:00,23015033.85694628
1560,2025-06-04 00:00:00,23015033.85694628
1561,2025-06-04 08:00:00,23046684.571861964
1562,2025-06-04 16:00:00,23046600.927478854
1563,2025-06-05 00:00:00,23046600.927478854
1564,2025-06-05 08:00:00,23106236.3625102
1565,2025-06-05 16:00:00,23106154.763073552
1566,2025-06-06 00:00:00,23106154.763073552
1567,2025-06-06 08:00:00,23164328.810873564
1568,2025-06-06 16:00:00,23164277.438975744
1569,2025-06-07 00:00:00,23164277.438975744
1570,2025-06-07 08:00:00,23200879.57243626
1571,2025-06-07 16:00:00,23200855.455067914
1572,2025-06-08 00:00:00,23200855.455067914
1573,2025-06-08 08:00:00,23218029.643674385
1574,2025-06-08 16:00:00,23217970.26732452
1575,2025-06-09 00:00:00,23217970.26732452
1576,2025-06-09 08:00:00,23260305.888498116
1577,2025-06-09 16:00:00,23260269.344925668
1578,2025-06-10 00:00:00,23260269.344925668
1579,2025-06-10 08:00:00,23286320.674406778
1580,2025-06-10 16:00:00,23286275.06504574
1581,2025-06-11 00:00:00,23286275.06504574
1582,2025-06-11 08:00:00,23318761.938469674
1583,2025-06-11 16:00:00,23318737.66534698
1584,2025-06-12 00:00:00,23318737.66534698
1585,2025-06-12 08:00:00,23336023.088805955
1586,2025-06-12 16:00:00,23335960.53699125
1587,2025-06-13 00:00:00,23335960.53699125
1588,2025-06-13 08:00:00,23380558.317061115
1589,2025-06-13 16:00:00,23380505.001112226
1590,2025-06-14 00:00:00,23380505.001112226
1591,2025-06-14 08:00:00,23418507.05951821
1592,2025-06-14 16:00:00,23418437.521503113
1593,2025-06-15 00:00:00,23418437.521503113
1594,2025-06-15 08:00:00,23468018.50202284
1595,2025-06-15 16:00:00,23467936.884361308
1596,2025-06-16 00:00:00,23467936.884361308
1597,2025-06-16 08:00:00,23526113.547681175
1598,2025-06-16 16:00:00,23526079.835491132
1599,2025-06-17 00:00:00,23526079.835491132
1600,2025-06-17 08:00:00,23550113.079801213
1601,2025-06-17 16:00:00,23550086.523931637
1602,2025-06-18 00:00:00,23550086.523931637
1603,2025-06-18 08:00:00,23569019.45461234
1604,2025-06-18 16:00:00,23568948.01229997
1605,2025-06-19 00:00:00,23568948.01229997
1606,2025-06-19 08:00:00,23619875.643998824
1607,2025-06-19 16:00:00,23619793.150006413
1608,2025-06-20 00:00:00,23619793.150006413
1609,2025-06-20 08:00:00,23678620.015133508
1610,2025-06-20 16:00:00,23678597.90454022
1611,2025-06-21 00:00:00,23678597.90454022
1612,2025-06-21 08:00:00,23694357.48220412
1613,2025-06-21 16:00:00,23694306.34384725
1614,2025-06-22 00:00:00,23694306.34384725
1615,2025-06-22 08:00:00,23730763.140759815
1616,2025-06-22 16:00:00,23730723.121014312
1617,2025-06-23 00:00:00,23730723.121014312
1618,2025-06-23 08:00:00,23759233.52556556
1619,2025-06-23 16:00:00,23759217.104656097
1620,2025-06-24 00:00:00,23759208.34368373
1621,2025-06-24 08:00:00,23770914.099251203
1622,2025-06-24 16:00:00,23777120.088111237
1623,2025-06-25 00:00:00,23777120.088111237
1624,2025-06-25 08:00:00,23808211.621194586
1625,2025-06-25 16:00:00,23808177.102046877
1626,2025-06-26 00:00:00,23808177.102046877
1627,2025-06-26 08:00:00,23832777.012114312
1628,2025-06-26 16:00:00,23832707.744719267
1629,2025-06-27 00:00:00,23832707.744719267
1630,2025-06-27 08:00:00,23882095.99467243
1631,2025-06-27 16:00:00,23882067.4080418
1632,2025-06-28 00:00:00,23882067.4080418
1633,2025-06-28 08:00:00,23902438.722256944
1634,2025-06-28 16:00:00,23902383.386263154
1635,2025-06-29 00:00:00,23902383.386263154
1636,2025-06-29 08:00:00,23941810.315973546
1637,2025-06-29 16:00:00,23941736.018524986
1638,2025-06-30 00:00:00,23941736.018524986
1639,2025-06-30 08:00:00,23994714.53928868
1640,2025-06-30 16:00:00,23994647.054616258
1641,2025-07-01 00:00:00,23994647.054616258
1642,2025-07-01 08:00:00,24042763.868173335
1643,2025-07-01 16:00:00,24042716.61540358
1644,2025-07-02 00:00:00,24042716.61540358
1645,2025-07-02 08:00:00,24076402.2988208
1646,2025-07-02 16:00:00,24076333.7589602
1647,2025-07-03 00:00:00,24076333.7589602
1648,2025-07-03 08:00:00,24125173.72203323
1649,2025-07-03 16:00:00,24125121.99107555
1650,2025-07-04 00:00:00,24125121.99107555
1651,2025-07-04 08:00:00,24162013.182491075
1652,2025-07-04 16:00:00,24161977.80974769
1653,2025-07-05 00:00:00,24161977.80974769
1654,2025-07-05 08:00:00,24187184.40122067
1655,2025-07-05 16:00:00,24187149.362560783
1656,2025-07-06 00:00:00,24187149.362560783
1657,2025-07-06 08:00:00,24212136.84818729
1658,2025-07-06 16:00:00,24212111.09365029
1659,2025-07-07 00:00:00,24212111.09365029
1660,2025-07-07 08:00:00,24230463.058686342
1661,2025-07-07 16:00:00,24230406.19578066
1662,2025-07-08 00:00:00,24230406.19578066
1663,2025-07-08 08:00:00,24270956.47178033
1664,2025-07-08 16:00:00,24270878.7201469
1665,2025-07-09 00:00:00,24270878.7201469
1666,2025-07-09 08:00:00,24326313.502713386
1667,2025-07-09 16:00:00,24326253.973293442
1668,2025-07-10 00:00:00,24326253.973293442
1669,2025-07-10 08:00:00,24368674.33654038
1670,2025-07-10 16:00:00,24368602.72565325
1671,2025-07-11 00:00:00,24368602.72565325
1672,2025-07-11 08:00:00,24419648.660157934
1673,2025-07-11 16:00:00,24419587.078043837
1674,2025-07-12 00:00:00,24419587.078043837
1675,2025-07-12 08:00:00,24463479.84405511
1676,2025-07-12 16:00:00,24463430.606894124
1677,2025-07-13 00:00:00,24463430.606894124
1678,2025-07-13 08:00:00,24498538.310044777
1679,2025-07-13 16:00:00,24498466.695457224
1680,2025-07-14 00:00:00,24498466.695457224
1681,2025-07-14 08:00:00,24549568.383131124
1682,2025-07-14 16:00:00,24549529.368817173
1683,2025-07-15 00:00:00,24549529.368817173
1684,2025-07-15 08:00:00,24577329.157635633
1685,2025-07-15 16:00:00,24577272.909077775
1686,2025-07-16 00:00:00,24577272.909077775
1687,2025-07-16 08:00:00,24617362.366764493
1688,2025-07-16 16:00:00,24617299.58155057
1689,2025-07-17 00:00:00,24617299.58155057
1690,2025-07-17 08:00:00,24662076.451044243
1691,2025-07-17 16:00:00,24661972.244951885
1692,2025-07-18 00:00:00,24661972.244951885
1693,2025-07-18 08:00:00,24736288.606239207
1694,2025-07-18 16:00:00,24736242.88533399
1695,2025-07-19 00:00:00,24736242.88533399
1696,2025-07-19 08:00:00,24768828.396395758
1697,2025-07-19 16:00:00,24768799.66430588
1698,2025-07-20 00:00:00,24768799.66430588
1699,2025-07-20 08:00:00,24789279.46004497
1700,2025-07-20 16:00:00,24789205.05149395
1701,2025-07-21 00:00:00,24789205.05149395
1702,2025-07-21 08:00:00,24842252.71962967
1703,2025-07-21 16:00:00,24842211.74463706
1704,2025-07-22 00:00:00,24842211.74463706
1705,2025-07-22 08:00:00,24871416.268423256
1706,2025-07-22 16:00:00,24871358.274990566
1707,2025-07-23 00:00:00,24871358.274990566
1708,2025-07-23 08:00:00,24912709.199653767
1709,2025-07-23 16:00:00,24912618.024102084
1710,2025-07-24 00:00:00,24912618.024102084
1711,2025-07-24 08:00:00,24977616.811763044
1712,2025-07-24 16:00:00,24977589.866717547
1713,2025-07-25 00:00:00,24977589.866717547
1714,2025-07-25 08:00:00,24996794.110355765
1715,2025-07-25 16:00:00,24996736.459050763
1716,2025-07-26 00:00:00,24996736.459050763
1717,2025-07-26 08:00:00,25037817.779651217
1718,2025-07-26 16:00:00,25037782.00836827
1719,2025-07-27 00:00:00,25037782.00836827
1720,2025-07-27 08:00:00,25063284.34128615
1721,2025-07-27 16:00:00,25063191.896237105
1722,2025-07-28 00:00:00,25063191.896237105
1723,2025-07-28 08:00:00,25129093.225829206
1724,2025-07-28 16:00:00,25129045.570985746
1725,2025-07-29 00:00:00,25129045.570985746
1726,2025-07-29 08:00:00,25163013.54974262
1727,2025-07-29 16:00:00,25162974.867930267
1728,2025-07-30 00:00:00,25162974.867930267
1729,2025-07-30 08:00:00,25190549.862483926
1730,2025-07-30 16:00:00,25190490.524632078
1731,2025-07-31 00:00:00,25190490.524632078
1732,2025-07-31 08:00:00,25232797.881727993
1733,2025-07-31 16:00:00,25232754.466664914
1734,2025-08-01 00:00:00,25232754.466664914
1735,2025-08-01 08:00:00,25263691.11325118
1736,2025-08-01 16:00:00,25263628.063120645
1737,2025-08-02 00:00:00,25263628.063120645
1738,2025-08-02 08:00:00,25308594.061815903
1739,2025-08-02 16:00:00,25308534.40690033
1740,2025-08-03 00:00:00,25308534.40690033
1741,2025-08-03 08:00:00,25351066.1079777
1742,2025-08-03 16:00:00,25351009.43846664
1743,2025-08-04 00:00:00,25351009.43846664
1744,2025-08-04 08:00:00,25391405.943478208
1745,2025-08-04 16:00:00,25391351.393326018
1746,2025-08-05 00:00:00,25391351.393326018
1747,2025-08-05 08:00:00,25430217.188342288
1748,2025-08-05 16:00:00,25430140.043194614
1749,2025-08-06 00:00:00,25430140.043194614
1750,2025-08-06 08:00:00,25485149.120381333
1751,2025-08-06 16:00:00,25485084.375876777
1752,2025-08-07 00:00:00,25485084.375876777
1753,2025-08-07 08:00:00,25531240.654338006
1754,2025-08-07 16:00:00,25531212.279521313
1755,2025-08-08 00:00:00,25531212.279521313
1756,2025-08-08 08:00:00,25551451.78003265
1757,2025-08-08 16:00:00,25551411.664665274
1758,2025-08-09 00:00:00,25551411.664665274
1759,2025-08-09 08:00:00,25580005.75305363
1760,2025-08-09 16:00:00,25579939.5332564
1761,2025-08-10 00:00:00,25579939.5332564
1762,2025-08-10 08:00:00,25627163.23872333
1763,2025-08-10 16:00:00,25627109.678230062
1764,2025-08-11 00:00:00,25627109.678230062
1765,2025-08-11 08:00:00,25665276.317292504
1766,2025-08-11 16:00:00,25665250.27228355
1767,2025-08-12 00:00:00,25665250.27228355
1768,2025-08-12 08:00:00,25683798.515647043
1769,2025-08-12 16:00:00,25683766.97042322
1770,2025-08-13 00:00:00,25683766.97042322
1771,2025-08-13 08:00:00,25706264.046255123
1772,2025-08-13 16:00:00,25706209.45575582
1773,2025-08-14 00:00:00,25706209.45575582
1774,2025-08-14 08:00:00,25745137.34035526
1775,2025-08-14 16:00:00,25745075.94171788
1776,2025-08-15 00:00:00,25745075.94171788
1777,2025-08-15 08:00:00,25788838.981677327
1778,2025-08-15 16:00:00,25788796.330904655
1779,2025-08-16 00:00:00,25788796.330904655
1780,2025-08-16 08:00:00,25819200.254967753
1781,2025-08-16 16:00:00,25819172.32253273
1782,2025-08-17 00:00:00,25819172.32253273
1783,2025-08-17 08:00:00,25839105.02366858
1784,2025-08-17 16:00:00,25839075.626818508
1785,2025-08-18 00:00:00,25839075.626818508
1786,2025-08-18 08:00:00,25860016.26397321
1787,2025-08-18 16:00:00,25859954.128795184
1788,2025-08-19 00:00:00,25859954.128795184
1789,2025-08-19 08:00:00,25904269.22415348
1790,2025-08-19 16:00:00,25904173.3180894
1791,2025-08-20 00:00:00,25904173.3180894
1792,2025-08-20 08:00:00,25972578.11962481
1793,2025-08-20 16:00:00,25972536.617531672
1794,2025-08-21 00:00:00,25972536.617531672
1795,2025-08-21 08:00:00,26002133.94706226
1796,2025-08-21 16:00:00,26002033.255863473
1797,2025-08-22 00:00:00,26002033.255863473
1798,2025-08-22 08:00:00,26073848.876303177
1799,2025-08-22 16:00:00,26073786.43796579
1800,2025-08-23 00:00:00,26073786.43796579
1801,2025-08-23 08:00:00,26118280.940419585
1802,2025-08-23 16:00:00,26118227.10212257
1803,2025-08-24 00:00:00,26118227.10212257
1804,2025-08-24 08:00:00,26156607.070620593
1805,2025-08-24 16:00:00,26156562.832224257
1806,2025-08-25 00:00:00,26156562.832224257
1807,2025-08-25 08:00:00,26188106.718686882
1808,2025-08-25 16:00:00,26188086.640725
1809,2025-08-26 00:00:00,26188086.640725
1810,2025-08-26 08:00:00,26202409.620731708
1811,2025-08-26 16:00:00,26202360.143217653
1812,2025-08-27 00:00:00,26202360.143217653
1813,2025-08-27 08:00:00,26237631.105583955
1814,2025-08-27 16:00:00,26237595.244138222
1815,2025-08-28 00:00:00,26237595.244138222
1816,2025-08-28 08:00:00,26263160.171182636
1817,2025-08-28 16:00:00,26263118.302109648
1818,2025-08-29 00:00:00,26263118.302109648
1819,2025-08-29 08:00:00,26292971.79543305
1820,2025-08-29 16:00:00,26292916.05753392
1821,2025-08-30 00:00:00,26292916.05753392
1822,2025-08-30 08:00:00,26332632.73940234
1823,2025-08-30 16:00:00,26332619.62839249
1824,2025-08-31 00:00:00,26332605.865053944
1825,2025-08-31 08:00:00,26341933.221817005
1826,2025-08-31 16:00:00,26351720.57152023
1827,2025-09-01 00:00:00,26351720.57152023
1828,2025-09-01 08:00:00,26368341.131048765
1829,2025-09-01 16:00:00,26368300.201059923
1830,2025-09-02 00:00:00,26368300.201059923
1831,2025-09-02 08:00:00,26397476.7234588
1832,2025-09-02 16:00:00,26397387.74945104
1833,2025-09-03 00:00:00,26397387.74945104
1834,2025-09-03 08:00:00,26460815.392499402
1835,2025-09-03 16:00:00,26460760.789208353
1836,2025-09-04 00:00:00,26460760.789208353
1837,2025-09-04 08:00:00,26499682.98080935
1838,2025-09-04 16:00:00,26499621.03716916
1839,2025-09-05 00:00:00,26499621.03716916
1840,2025-09-05 08:00:00,26543751.24902321
1841,2025-09-05 16:00:00,26543683.01029538
1842,2025-09-06 00:00:00,26543683.01029538
1843,2025-09-06 08:00:00,26592350.679859225
1844,2025-09-06 16:00:00,26592286.879672714
1845,2025-09-07 00:00:00,26592286.879672714
1846,2025-09-07 08:00:00,26637753.78307792
1847,2025-09-07 16:00:00,26637687.204816192
1848,2025-09-08 00:00:00,26637687.204816192
1849,2025-09-08 08:00:00,26685160.932626832
1850,2025-09-08 16:00:00,26685098.77905601
1851,2025-09-09 00:00:00,26685098.77905601
1852,2025-09-09 08:00:00,26729416.971999235
1853,2025-09-09 16:00:00,26729351.51622519
1854,2025-09-10 00:00:00,26729351.51622519
1855,2025-09-10 08:00:00,26775993.535406843
1856,2025-09-10 16:00:00,26775955.104345135
1857,2025-09-11 00:00:00,26775955.104345135
1858,2025-09-11 08:00:00,26803359.483161375
1859,2025-09-11 16:00:00,26803343.220689192
1860,2025-09-12 00:00:00,26803320.814871684
1861,2025-09-12 08:00:00,26814912.530786466
1862,2025-09-12 16:00:00,26830858.912761297
1863,2025-09-13 00:00:00,26830818.598297648
1864,2025-09-13 08:00:00,26842191.854471724
1865,2025-09-13 16:00:00,26870920.50224277
1866,2025-09-14 00:00:00,26870846.46221472
1867,2025-09-14 08:00:00,26870846.46221472
1868,2025-09-14 16:00:00,26923667.467078123
1869,2025-09-15 00:00:00,26923619.858350117
1870,2025-09-15 08:00:00,26923619.858350117
1871,2025-09-15 16:00:00,26957556.834388606
1872,2025-09-16 00:00:00,26957497.798109338
1873,2025-09-16 08:00:00,26957497.798109338
1874,2025-09-16 16:00:00,26999591.421348315
1875,2025-09-17 00:00:00,26999491.98839717
1876,2025-09-17 08:00:00,26999491.98839717
1877,2025-09-17 16:00:00,27070381.10903195
1878,2025-09-18 00:00:00,27070324.53756977
1879,2025-09-18 08:00:00,27070324.53756977
1880,2025-09-18 16:00:00,27110680.96734472
1881,2025-09-19 00:00:00,27110669.64624865
1882,2025-09-19 08:00:00,27110648.173699047
1883,2025-09-19 16:00:00,27118714.00981392
1884,2025-09-20 00:00:00,27134023.540632114
1885,2025-09-20 08:00:00,27133938.5902765
1886,2025-09-20 16:00:00,27133938.5902765
1887,2025-09-21 00:00:00,27194487.715584613
1888,2025-09-21 08:00:00,27194417.69531519
1889,2025-09-21 16:00:00,27194417.69531519
1890,2025-09-22 00:00:00,27244339.954160485
1891,2025-09-22 08:00:00,27244315.38068411
1892,2025-09-22 16:00:00,27244315.38068411
1893,2025-09-23 00:00:00,27261820.596937567
1894,2025-09-23 08:00:00,27261753.368688844
1895,2025-09-23 16:00:00,27261753.368688844
1896,2025-09-24 00:00:00,27309686.160434384
1897,2025-09-24 08:00:00,27309647.576049957
1898,2025-09-24 16:00:00,27309647.576049957
1899,2025-09-25 00:00:00,27337149.070969924
1900,2025-09-25 08:00:00,27337079.252175223
1901,2025-09-25 16:00:00,27337079.252175223
1902,2025-09-26 00:00:00,27386852.62397025
1903,2025-09-26 08:00:00,27386810.83620103
1904,2025-09-26 16:00:00,27386810.83620103
1905,2025-09-27 00:00:00,27416601.053562537
1906,2025-09-27 08:00:00,27416520.038600765
1907,2025-09-27 16:00:00,27416520.038600765
1908,2025-09-28 00:00:00,27474296.325410098
1909,2025-09-28 08:00:00,27474253.203065064
1910,2025-09-28 16:00:00,27474253.203065064
1911,2025-09-29 00:00:00,27505002.169703033
1912,2025-09-29 08:00:00,27504951.620988335
1913,2025-09-29 16:00:00,27504951.620988335
1914,2025-09-30 00:00:00,27540976.795748927
1915,2025-09-30 08:00:00,27540909.351098623
1916,2025-09-30 16:00:00,27540909.351098623
1917,2025-10-01 00:00:00,27588975.431845613
1918,2025-10-01 08:00:00,27588919.908874534
1919,2025-10-01 16:00:00,27588919.908874534
1920,2025-10-02 00:00:00,27628500.11776406
1921,2025-10-02 08:00:00,27628452.79107463
1922,2025-10-02 16:00:00,27628452.79107463
1923,2025-10-03 00:00:00,27662199.351086553
1924,2025-10-03 08:00:00,27662145.027105045
1925,2025-10-03 16:00:00,27662145.027105045
1926,2025-10-04 00:00:00,27700894.340424184
1927,2025-10-04 08:00:00,27700832.288811505
1928,2025-10-04 16:00:00,27700832.288811505
1929,2025-10-05 00:00:00,27745054.991087962
1930,2025-10-05 08:00:00,27745019.455174092
1931,2025-10-05 16:00:00,27745019.455174092
1932,2025-10-06 00:00:00,27770352.805255115
1933,2025-10-06 08:00:00,27770333.356235262
1934,2025-10-06 16:00:00,27770333.356235262
1935,2025-10-07 00:00:00,27784190.826887503
1936,2025-10-07 08:00:00,27784129.611656442
1937,2025-10-07 16:00:00,27784129.611656442
1938,2025-10-08 00:00:00,27827758.00767643
1939,2025-10-08 08:00:00,27827706.50740689
1940,2025-10-08 16:00:00,27827706.50740689
1941,2025-10-09 00:00:00,27864422.058624078
1942,2025-10-09 08:00:00,27864350.935608078
1943,2025-10-09 16:00:00,27864350.935608078
1944,2025-10-10 00:00:00,27915053.712499987
1945,2025-10-10 08:00:00,27914986.4209303
1946,2025-10-10 16:00:00,27914986.4209303
1947,2025-10-11 00:00:00,27962959.885428507
1948,2025-10-11 08:00:00,27962887.08799897
1949,2025-10-11 16:00:00,27962887.08799897
1950,2025-10-12 00:00:00,28014795.64029131
1951,2025-10-12 08:00:00,28014716.601486962
1952,2025-10-12 16:00:00,28014716.601486962
1953,2025-10-13 00:00:00,28071050.488614753
1954,2025-10-13 08:00:00,28070966.878789496
1955,2025-10-13 16:00:00,28070966.878789496
1956,2025-10-14 00:00:00,28130570.38955229
1957,2025-10-14 08:00:00,28130512.602644715
1958,2025-10-14 16:00:00,28130512.602644715
1959,2025-10-15 00:00:00,28171693.167765573
1960,2025-10-15 08:00:00,28171647.213106867
1961,2025-10-15 16:00:00,28171647.213106867
1962,2025-10-16 00:00:00,28204402.90166362
1963,2025-10-16 08:00:00,28204345.848153643
1964,2025-10-16 16:00:00,28204345.848153643
1965,2025-10-17 00:00:00,28245011.587079417
1966,2025-10-17 08:00:00,28244966.994034324
1967,2025-10-17 16:00:00,28244966.994034324
1968,2025-10-18 00:00:00,28276766.051044796
1969,2025-10-18 08:00:00,28276687.057336297
1970,2025-10-18 16:00:00,28276687.057336297
1971,2025-10-19 00:00:00,28332981.668334708
1972,2025-10-19 08:00:00,28332922.843399372
1973,2025-10-19 16:00:00,28332922.843399372
1974,2025-10-20 00:00:00,28374853.27376231
1975,2025-10-20 08:00:00,28374801.16417935
1976,2025-10-20 16:00:00,28374801.16417935
1977,2025-10-21 00:00:00,28411962.406798594
1978,2025-10-21 08:00:00,28411912.804057226
1979,2025-10-21 16:00:00,28411912.804057226
1980,2025-10-22 00:00:00,28447280.236949045
1981,2025-10-22 08:00:00,28447236.820814393
1982,2025-10-22 16:00:00,28447236.820814393
1983,2025-10-23 00:00:00,28478202.068943497
1984,2025-10-23 08:00:00,28478149.331823282
1985,2025-10-23 16:00:00,28478149.331823282
1986,2025-10-24 00:00:00,28515770.683748443
1987,2025-10-24 08:00:00,28515715.1959239
1988,2025-10-24 16:00:00,28515715.1959239
1989,2025-10-25 00:00:00,28555299.82631789
1990,2025-10-25 08:00:00,28555240.734925043
1991,2025-10-25 16:00:00,28555240.734925043
1992,2025-10-26 00:00:00,28597367.454291865
1993,2025-10-26 08:00:00,28597325.434738748
1994,2025-10-26 16:00:00,28597325.434738748
1995,2025-10-27 00:00:00,28627291.338245492
1996,2025-10-27 08:00:00,28627203.964936923
1997,2025-10-27 16:00:00,28627203.964936923
1998,2025-10-28 00:00:00,28689517.96929877
1999,2025-10-28 08:00:00,28689473.892154563
2000,2025-10-28 16:00:00,28689473.892154563
2001,2025-10-29 00:00:00,28720885.49559227
2002,2025-10-29 08:00:00,28720823.92062975
2003,2025-10-29 16:00:00,28720823.92062975
2004,2025-10-30 00:00:00,28764759.055619173
2005,2025-10-30 08:00:00,28764706.613692574
2006,2025-10-30 16:00:00,28764706.613692574
2007,2025-10-31 00:00:00,28802077.075981833
2008,2025-10-31 08:00:00,28802032.994368784
2009,2025-10-31 16:00:00,28802032.994368784
2010,2025-11-01 00:00:00,28833472.823831994
2011,2025-11-01 08:00:00,28833415.807824757
2012,2025-11-01 16:00:00,28833415.807824757
2013,2025-11-02 00:00:00,28874062.57355289
2014,2025-11-02 08:00:00,28874013.7196282
2015,2025-11-02 16:00:00,28874013.7196282
2016,2025-11-03 00:00:00,28908839.94498377
2017,2025-11-03 08:00:00,28908766.887265485
2018,2025-11-03 16:00:00,28908766.887265485
2019,2025-11-04 00:00:00,28960854.040620137
2020,2025-11-04 08:00:00,28960809.60928114
2021,2025-11-04 16:00:00,28960809.60928114
2022,2025-11-05 00:00:00,28992465.47058962
2023,2025-11-05 08:00:00,28992379.385839704
2024,2025-11-05 16:00:00,28992379.385839704
2025,2025-11-06 00:00:00,29053744.723952923
2026,2025-11-06 08:00:00,29053677.98332242
2027,2025-11-06 16:00:00,29053677.98332242
2028,2025-11-07 00:00:00,29101262.831761662
2029,2025-11-07 08:00:00,29101194.842207238
2030,2025-11-07 16:00:00,29101194.842207238
2031,2025-11-08 00:00:00,29149652.89096773
2032,2025-11-08 08:00:00,29149599.768364653
2033,2025-11-08 16:00:00,29149599.768364653
2034,2025-11-09 00:00:00,29187478.52610108
2035,2025-11-09 08:00:00,29187386.632223256
2036,2025-11-09 16:00:00,29187386.632223256
2037,2025-11-10 00:00:00,29252924.529657498
2038,2025-11-10 08:00:00,29252863.895191934
2039,2025-11-10 16:00:00,29252863.895191934
2040,2025-11-11 00:00:00,29296091.278070804
2041,2025-11-11 08:00:00,29296028.265142374
2042,2025-11-11 16:00:00,29296028.265142374
2043,2025-11-12 00:00:00,29340929.418577712
2044,2025-11-12 08:00:00,29340857.94271878
2045,2025-11-12 16:00:00,29340857.94271878
2046,2025-11-13 00:00:00,29391805.463460494
2047,2025-11-13 08:00:00,29391759.196247634
2048,2025-11-13 16:00:00,29391759.196247634
2049,2025-11-14 00:00:00,29424726.31118258
2050,2025-11-14 08:00:00,29424691.70424158
2051,2025-11-14 16:00:00,29424691.70424158
2052,2025-11-15 00:00:00,29449350.057078846
2053,2025-11-15 08:00:00,29449276.230203122
2054,2025-11-15 16:00:00,29449276.230203122
2055,2025-11-16 00:00:00,29501925.94760215
2056,2025-11-16 08:00:00,29501892.80631916
2057,2025-11-16 16:00:00,29501892.80631916
2058,2025-11-17 00:00:00,29525505.89269286
2059,2025-11-17 08:00:00,29525446.109436054
2060,2025-11-17 16:00:00,29525446.109436054
2061,2025-11-18 00:00:00,29568064.959762607
2062,2025-11-18 08:00:00,29568012.847512137
2063,2025-11-18 16:00:00,29568012.847512137
2064,2025-11-19 00:00:00,29605154.042887572
2065,2025-11-19 08:00:00,29605058.669695985
2066,2025-11-19 16:00:00,29605058.669695985
2067,2025-11-20 00:00:00,29673091.9172201
2068,2025-11-20 08:00:00,29673021.30717154
2069,2025-11-20 16:00:00,29673021.30717154
2070,2025-11-21 00:00:00,29723340.143538386
2071,2025-11-21 08:00:00,29723316.336072803
2072,2025-11-21 16:00:00,29723316.336072803
2073,2025-11-22 00:00:00,29740285.77200447
2074,2025-11-22 08:00:00,29740178.98521828
2075,2025-11-22 16:00:00,29740178.98521828
2076,2025-11-23 00:00:00,29816317.225198425
2077,2025-11-23 08:00:00,29816253.77726298
2078,2025-11-23 16:00:00,29816253.77726298
2079,2025-11-24 00:00:00,29861481.771377143
2080,2025-11-24 08:00:00,29861413.791231334
2081,2025-11-24 16:00:00,29861413.791231334
2082,2025-11-25 00:00:00,29909867.632484272
2083,2025-11-25 08:00:00,29909821.73919955
2084,2025-11-25 16:00:00,29909821.73919955
2085,2025-11-26 00:00:00,29942528.670075055
2086,2025-11-26 08:00:00,29942479.47494319
2087,2025-11-26 16:00:00,29942479.47494319
2088,2025-11-27 00:00:00,29977529.80407837
2089,2025-11-27 08:00:00,29977475.10085497
2090,2025-11-27 16:00:00,29977475.10085497
2091,2025-11-28 00:00:00,30016468.224627268
2092,2025-11-28 08:00:00,30016432.819407817
2093,2025-11-28 16:00:00,30016432.819407817
2094,2025-11-29 00:00:00,30041662.74978337
2095,2025-11-29 08:00:00,30041604.403212044
2096,2025-11-29 16:00:00,30041604.403212044
2097,2025-11-30 00:00:00,30083207.93426727
2098,2025-11-30 08:00:00,30083167.019306194
2099,2025-11-30 16:00:00,30083167.019306194
2100,2025-12-01 00:00:00,30112322.29468087
2101,2025-12-01 08:00:00,30112266.059916914
2102,2025-12-01 16:00:00,30112266.059916914
2103,2025-12-02 00:00:00,30152365.626902025
2104,2025-12-02 08:00:00,30152315.397229396
2105,2025-12-02 16:00:00,30152315.397229396
2106,2025-12-03 00:00:00,30188143.926898804
2107,2025-12-03 08:00:00,30188063.476379577
2108,2025-12-03 16:00:00,30188063.476379577
2109,2025-12-04 00:00:00,30245388.15459871
2110,2025-12-04 08:00:00,30245323.83765225
2111,2025-12-04 16:00:00,30245323.83765225
2112,2025-12-05 00:00:00,30291131.824944265
2113,2025-12-05 08:00:00,30291064.735252783
2114,2025-12-05 16:00:00,30291064.735252783
2115,2025-12-06 00:00:00,30338906.087089412
2116,2025-12-06 08:00:00,30338859.416616403
2117,2025-12-06 16:00:00,30338859.416616403
2118,2025-12-07 00:00:00,30372118.226254545
2119,2025-12-07 08:00:00,30372040.516075306
2120,2025-12-07 16:00:00,30372040.516075306
2121,2025-12-08 00:00:00,30427451.927669894
2122,2025-12-08 08:00:00,30427376.967294894
2123,2025-12-08 16:00:00,30427376.967294894
2124,2025-12-09 00:00:00,30480798.67589686
2125,2025-12-09 08:00:00,30480758.03143113
2126,2025-12-09 16:00:00,30480758.03143113
2127,2025-12-10 00:00:00,30509729.88290722
2128,2025-12-10 08:00:00,30509702.330344647
2129,2025-12-10 16:00:00,30509702.330344647
2130,2025-12-11 00:00:00,30529348.324630164
2131,2025-12-11 08:00:00,30529289.089452457
2132,2025-12-11 16:00:00,30529289.089452457
2133,2025-12-12 00:00:00,30571515.848299272
2134,2025-12-12 08:00:00,30571465.72651148
2135,2025-12-12 16:00:00,30571465.72651148
2136,2025-12-13 00:00:00,30607210.8174996
2137,2025-12-13 08:00:00,30607149.036479894
2138,2025-12-13 16:00:00,30607149.036479894
2139,2025-12-14 00:00:00,30651198.46435635
2140,2025-12-14 08:00:00,30651130.6949322
2141,2025-12-14 16:00:00,30651130.6949322
2142,2025-12-15 00:00:00,30699427.315158483
2143,2025-12-15 08:00:00,30699375.960713536
2144,2025-12-15 16:00:00,30699375.960713536
2145,2025-12-16 00:00:00,30735979.2239628
2146,2025-12-16 08:00:00,30735940.129421815
2147,2025-12-16 16:00:00,30735940.129421815
2148,2025-12-17 00:00:00,30763826.2419865
2149,2025-12-17 08:00:00,30763771.63649861
2150,2025-12-17 16:00:00,30763771.63649861
2151,2025-12-18 00:00:00,30802719.221051693
2152,2025-12-18 08:00:00,30802657.966932725
2153,2025-12-18 16:00:00,30802657.966932725
2154,2025-12-19 00:00:00,30846350.890064143
2155,2025-12-19 08:00:00,30846258.514651727
2156,2025-12-19 16:00:00,30846258.514651727
2157,2025-12-20 00:00:00,30912104.81296719
2158,2025-12-20 08:00:00,30912039.433915775
2159,2025-12-20 16:00:00,30912039.433915775
2160,2025-12-21 00:00:00,30958637.644912336
2161,2025-12-21 08:00:00,30958571.62786797
2162,2025-12-21 16:00:00,30958571.62786797
2163,2025-12-22 00:00:00,31005640.153243348
2164,2025-12-22 08:00:00,31005582.792606402
2165,2025-12-22 16:00:00,31005582.792606402
2166,2025-12-23 00:00:00,31046470.941735107
2167,2025-12-23 08:00:00,31046395.594998218
2168,2025-12-23 16:00:00,31046395.594998218
2169,2025-12-24 00:00:00,31100126.587782916
2170,2025-12-24 08:00:00,31100026.523955308
2171,2025-12-24 16:00:00,31100026.523955308
2172,2025-12-25 00:00:00,31171406.906537887
2173,2025-12-25 08:00:00,31171325.648203347
2174,2025-12-25 16:00:00,31171325.648203347
2175,2025-12-26 00:00:00,31229285.145888112
2176,2025-12-26 08:00:00,31229248.710822903
2177,2025-12-26 16:00:00,31229248.710822903
2178,2025-12-27 00:00:00,31255226.723249707
2179,2025-12-27 08:00:00,31255137.365259346
2180,2025-12-27 16:00:00,31255137.365259346
2181,2025-12-28 00:00:00,31318837.990595277
2182,2025-12-28 08:00:00,31318784.043232776
2183,2025-12-28 16:00:00,31318784.043232776
2184,2025-12-29 00:00:00,31357237.91095828
2185,2025-12-29 08:00:00,31357170.48062047
2186,2025-12-29 16:00:00,31357170.48062047
2187,2025-12-30 00:00:00,31405244.45128023
2188,2025-12-30 08:00:00,31405198.638096884
2189,2025-12-30 16:00:00,31405198.638096884
2190,2025-12-31 00:00:00,31437864.371491004
2191,2025-12-31 08:00:00,31437814.786315404
2192,2025-12-31 16:00:00,31437814.786315404
