open_time,open,high,low,close,volume,quote_volume,trades
2025-12-19 20:00:00,126.22,127.86,126.05,126.22,2235250.92,283447452.0839,325709
2025-12-20 00:00:00,126.23,126.44,125.2,126.15,1384275.42,174215072.7532,197047
2025-12-20 04:00:00,126.16,126.62,125.81,126.12,1047078.51,132154771.4975,168688
2025-12-20 08:00:00,126.13,126.87,125.82,126.42,1200069.66,151597807.7171,159881
2025-12-20 12:00:00,126.43,126.6,125.36,126.5,1550085.37,195236797.3319,195577
2025-12-20 16:00:00,126.51,126.65,125.69,125.99,863152.64,108829458.5608,126433
2025-12-20 20:00:00,126.0,126.49,125.55,125.74,751798.17,94737855.0947,111467
2025-12-21 00:00:00,125.75,126.05,124.62,125.16,1626238.79,203683769.9867,204645
2025-12-21 04:00:00,125.17,125.5,125.02,125.25,575764.49,72121285.8359,101896
2025-12-21 08:00:00,125.24,126.56,124.71,125.42,2230849.2,280537887.7486,249534
2025-12-21 12:00:00,125.43,126.0,123.3,124.98,4418282.4,549819034.999,473151
2025-12-21 16:00:00,124.98,126.3,124.3,125.61,2796099.21,350372172.8365,293174
2025-12-21 20:00:00,125.61,126.27,124.63,125.96,1416239.72,177724624.6645,195716
2025-12-22 00:00:00,125.97,128.51,124.4,125.97,5377177.71,679152105.6587,602915
2025-12-22 04:00:00,125.98,126.68,125.47,126.23,1745554.29,220296261.0259,240796
2025-12-22 08:00:00,126.23,127.41,125.38,126.93,3193284.06,403650717.8398,358768
2025-12-22 12:00:00,126.93,128.74,126.24,128.02,5384612.09,685380426.7938,643826
2025-12-22 16:00:00,128.03,128.33,124.56,124.58,4496075.0,568072130.4324,498766
2025-12-22 20:00:00,124.58,125.98,124.11,125.87,2694443.74,336751220.3421,361142
2025-12-23 00:00:00,125.87,126.87,124.81,125.58,2383053.02,300228689.5361,327756
2025-12-23 04:00:00,125.58,126.02,123.58,124.13,2678185.47,333583750.5689,332195
2025-12-23 08:00:00,124.13,125.16,123.84,124.79,1803372.57,224461978.8904,223785
2025-12-23 12:00:00,124.79,124.87,122.04,123.28,5453002.57,672033534.6945,609860
2025-12-23 16:00:00,123.29,124.86,122.7,123.91,4097796.19,507594025.0967,440621
2025-12-23 20:00:00,123.92,125.6,123.4,123.95,2385679.35,296666495.2792,290882
2025-12-24 00:00:00,123.96,124.25,121.68,122.66,2524094.45,309921161.5198,296105
2025-12-24 04:00:00,122.66,123.01,120.51,121.24,2807674.67,341217060.3617,304145
2025-12-24 08:00:00,121.25,122.17,121.01,121.98,1875519.89,228133759.1198,203617
2025-12-24 12:00:00,121.98,122.89,120.61,122.67,2975207.6,362579527.9838,342676
2025-12-24 16:00:00,122.67,123.43,121.71,122.82,2455601.83,300973235.5508,290176
2025-12-24 20:00:00,122.82,123.36,122.41,122.49,1304145.1,160305427.5213,151162
2025-12-25 00:00:00,122.49,123.11,122.03,122.64,1054358.37,129240407.8981,138028
2025-12-25 04:00:00,122.63,122.8,122.04,122.24,945718.64,115697899.969,118868
2025-12-25 08:00:00,122.25,122.63,121.22,121.59,1752081.2,213377805.0037,184587
2025-12-25 12:00:00,121.58,124.06,121.52,123.63,2837915.15,348240729.5034,261657
2025-12-25 16:00:00,123.63,124.42,122.72,123.42,2935308.22,362879679.9496,287795
2025-12-25 20:00:00,123.41,123.48,119.58,119.95,3868717.69,469416045.5372,360796
2025-12-26 00:00:00,119.95,124.33,119.15,122.61,6079502.89,741934861.7844,577054
2025-12-26 04:00:00,122.61,123.94,121.72,122.66,3137423.67,385540929.4933,291740
2025-12-26 08:00:00,122.66,124.13,122.24,123.8,2986857.07,368394402.5746,244859
2025-12-26 12:00:00,123.8,125.12,120.37,121.49,7935646.18,973603123.2874,713944
2025-12-26 16:00:00,121.5,122.35,121.1,122.08,2741721.01,333990371.8304,307497
2025-12-26 20:00:00,122.08,122.6,121.74,122.22,1207288.52,147535498.0316,147040
2025-12-27 00:00:00,122.22,123.78,121.82,123.63,1797317.37,220515024.3209,151525
2025-12-27 04:00:00,123.63,123.7,122.71,123.11,1402072.7,172597596.7986,156027
2025-12-27 08:00:00,123.1,123.29,122.45,122.95,1088443.25,133814125.0697,133810
2025-12-27 12:00:00,122.95,123.63,122.69,123.27,1364785.97,168026499.6382,153566
2025-12-27 16:00:00,123.27,123.42,122.7,123.21,1360485.1,167494000.0474,153545
2025-12-27 20:00:00,123.21,125.04,123.2,124.67,2773934.77,344352365.1912,254575
2025-12-28 00:00:00,124.68,124.85,123.85,124.08,1160514.02,144193200.6289,144300
2025-12-28 04:00:00,124.07,124.27,123.55,124.18,882777.35,109421762.5867,117233
2025-12-28 08:00:00,124.18,124.79,123.92,124.57,1343106.86,167052763.0152,145123
2025-12-28 12:00:00,124.58,124.98,124.23,124.4,1555513.22,193828780.2337,157493
2025-12-28 16:00:00,124.39,124.72,123.01,123.22,2649419.74,327981763.4677,225347
2025-12-28 20:00:00,123.22,125.6,123.03,125.21,2313605.44,287418314.7554,195014
2025-12-29 00:00:00,125.22,130.21,124.94,128.52,8924600.23,1141752741.9328,837881
2025-12-29 04:00:00,128.53,129.12,127.2,127.83,2957113.48,378824001.1984,319427
2025-12-29 08:00:00,127.82,128.48,124.95,125.02,4388980.66,554684127.0348,420902
2025-12-29 12:00:00,125.02,125.38,122.15,123.36,7763794.4,959312092.1493,712284
2025-12-29 16:00:00,123.35,123.94,122.52,122.99,2666897.8,328701784.7811,291621
2025-12-29 20:00:00,122.98,123.55,122.8,123.19,1217536.22,150051036.6858,156350
2025-12-30 00:00:00,123.19,123.86,122.5,123.72,2112411.48,259974938.1111,222585
2025-12-30 04:00:00,123.72,124.29,123.12,123.94,1726825.67,213759396.6791,187021
2025-12-30 08:00:00,123.94,125.1,123.91,124.24,3046242.1,379610592.54,268068
2025-12-30 12:00:00,124.24,125.31,123.48,125.1,5063532.27,630139698.3693,417007
2025-12-30 16:00:00,125.11,126.49,123.7,124.67,4687984.25,586724156.052,404455
2025-12-30 20:00:00,124.66,125.08,123.45,124.92,1829340.84,227308103.2123,198943
2025-12-31 00:00:00,124.93,126.06,124.34,125.76,2449985.35,307203881.0277,267104
2025-12-31 04:00:00,125.76,126.04,125.3,125.9,1380939.78,173548798.98,150335
2025-12-31 08:00:00,125.9,126.82,125.36,126.69,2200544.39,277466883.2733,203514
2025-12-31 12:00:00,126.68,127.4,124.93,125.54,4872897.03,613513329.6256,388275
2025-12-31 16:00:00,125.54,125.7,124.24,124.3,3028086.93,378277879.1295,288151
2025-12-31 20:00:00,124.31,125.12,123.42,124.59,2928769.34,363882799.6418,272810
2026-01-01 00:00:00,124.58,125.75,124.52,125.14,1442687.23,180526082.8519,153612
2026-01-01 04:00:00,125.13,125.26,124.14,124.19,969707.35,121013194.2785,114755
2026-01-01 08:00:00,124.19,125.22,124.08,125.16,1333503.18,166393988.343,132279
2026-01-01 12:00:00,125.16,125.22,124.34,124.9,1480821.85,184832840.7887,159268
2026-01-01 16:00:00,124.9,125.75,124.2,125.7,2347355.58,293562186.1833,235464
2026-01-01 20:00:00,125.7,127.21,125.25,126.83,1963633.16,247785892.572,209568
2026-01-02 00:00:00,126.84,127.99,125.81,127.51,2674478.26,339143074.6611,290769
2026-01-02 04:00:00,127.51,127.69,126.71,127.1,1875588.92,238566125.9722,189579
2026-01-02 08:00:00,127.1,129.98,127.09,128.19,4402146.07,566607202.7081,425018
2026-01-02 12:00:00,128.18,129.59,126.76,128.94,5543720.24,711147370.8381,553275
2026-01-02 16:00:00,128.93,132.3,128.62,131.59,6058642.16,793541555.19418,616158
2026-01-02 20:00:00,131.6,133.29,130.76,132.24,2625619.2,346893792.3319,285181
2026-01-03 00:00:00,132.24,133.13,132.02,132.77,1727411.24,229007804.928,209877
2026-01-03 04:00:00,132.78,132.85,129.52,130.05,2672061.3,350357044.25078,283794
2026-01-03 08:00:00,130.05,131.43,129.74,130.63,1935417.4,252975061.7767,222006
2026-01-03 12:00:00,130.64,132.12,130.43,131.41,1777877.73,233564251.71698,183558
2026-01-03 16:00:00,131.41,132.07,131.41,131.73,1058916.37,139549660.7577,127849
2026-01-03 20:00:00,131.73,133.99,131.27,133.31,1962660.57,260632429.0209,217618
2026-01-04 00:00:00,133.3,135.0,133.26,134.56,2927628.35,392645285.47696,359769
2026-01-04 04:00:00,134.55,134.97,133.52,133.75,1889376.72,253616072.9045,220149
2026-01-04 08:00:00,133.75,134.82,133.1,134.32,2134886.05,286296642.31936,248090
2026-01-04 12:00:00,134.33,135.32,133.67,134.83,2535860.65,341180428.7662,272078
2026-01-04 16:00:00,134.83,135.5,133.03,133.51,2605710.46,349848232.5524,282347
2026-01-04 20:00:00,133.51,134.81,133.32,134.04,1605324.81,215202363.65696,218067
2026-01-05 00:00:00,134.05,137.75,133.93,136.58,5431248.96,739135990.1035,552707
2026-01-05 04:00:00,136.58,136.74,134.54,135.34,3236928.21,438601851.37256,330150
2026-01-05 08:00:00,135.34,135.97,134.63,135.68,2234261.04,302511094.4127,251772
2026-01-05 12:00:00,135.69,136.47,133.09,136.08,7553787.01,1015906204.03216,720140
2026-01-05 16:00:00,136.08,138.78,134.25,138.2,5343516.96,729870415.14398,579371
2026-01-05 20:00:00,138.2,139.83,137.69,137.84,3392218.36,470012626.33282,379813
2026-01-06 00:00:00,137.84,138.57,136.81,138.31,3061516.03,421682404.7157,346984
2026-01-06 04:00:00,138.32,140.09,137.26,137.51,4590700.79,636632437.11452,418558
2026-01-06 08:00:00,137.52,139.64,137.3,139.44,3186906.06,440677099.6522,319489
2026-01-06 12:00:00,139.44,143.45,138.66,141.56,9077394.94,1283194515.84919,884160
2026-01-06 16:00:00,141.55,141.93,136.12,137.45,7441571.0,1029277340.53894,697057
2026-01-06 20:00:00,137.45,141.96,137.42,141.03,4404628.55,617266799.96136,459598
2026-01-07 00:00:00,141.04,141.35,138.36,139.52,3522869.44,492242902.9202,378153
2026-01-07 04:00:00,139.52,139.66,138.06,139.31,2135963.95,296582126.8394,243438
2026-01-07 08:00:00,139.31,139.74,136.42,137.84,4829008.17,665678665.25572,493866
2026-01-07 12:00:00,137.84,138.44,135.17,135.61,5785039.17,791724985.0484,584460
2026-01-07 16:00:00,135.61,136.6,134.33,135.68,3630284.61,491811332.99646,430525
2026-01-07 20:00:00,135.68,137.07,134.93,136.32,2376112.55,323663383.5782,297128
2026-01-08 00:00:00,136.31,138.3,135.93,136.68,3463861.88,475243439.67402,417642
2026-01-08 04:00:00,136.68,138.29,133.6,135.81,4928619.13,670048647.75858,541144
2026-01-08 08:00:00,135.82,136.17,133.85,134.72,3159921.76,426144675.5666,342689
2026-01-08 12:00:00,134.71,136.5,132.5,136.33,6621871.43,888962933.83956,640537
2026-01-08 16:00:00,136.32,139.07,136.15,137.48,5667625.47,780443673.88572,581236
2026-01-08 20:00:00,137.48,140.0,136.46,138.3,5172107.8,717142434.7145,391841
2026-01-09 00:00:00,138.29,141.14,137.66,140.73,3803273.11,529753199.12632,404810
2026-01-09 04:00:00,140.73,141.01,139.38,139.51,2678901.81,375209743.0806,287281
2026-01-09 08:00:00,139.51,139.63,136.98,138.24,4201056.31,581512462.37352,410510
2026-01-09 12:00:00,138.23,140.85,136.11,138.75,7818741.25,1081621432.18821,759012
2026-01-09 16:00:00,138.76,140.21,135.37,135.71,5543703.83,763637239.89242,577220
2026-01-09 20:00:00,135.71,136.41,134.86,135.88,2707583.85,367395287.3785,338903
2026-01-10 00:00:00,135.89,136.62,135.6,136.05,1310503.68,178328705.1568,175415
2026-01-10 04:00:00,136.05,136.28,135.66,136.0,941611.72,127981865.7004,139310
2026-01-10 08:00:00,136.01,136.97,135.91,136.5,1380235.73,188394398.4576,158899
2026-01-10 12:00:00,136.51,136.99,135.93,136.35,1477532.86,201471216.898,150011
2026-01-10 16:00:00,136.36,136.65,135.84,136.17,992116.65,135155531.7419,120552
2026-01-10 20:00:00,136.17,136.22,135.3,135.78,911692.08,123762219.9011,121860
2026-01-11 00:00:00,135.79,136.43,135.68,136.21,946635.13,128847685.2491,138820
2026-01-11 04:00:00,136.21,136.39,135.83,136.13,919672.06,125196405.519,121688
2026-01-11 08:00:00,136.13,136.86,136.04,136.49,1189143.38,162325411.5609,137730
2026-01-11 12:00:00,136.5,139.5,136.43,138.38,4039503.63,557846387.79532,343281
2026-01-11 16:00:00,138.38,141.65,138.38,139.39,5401148.5,755893996.29996,560315
2026-01-11 20:00:00,139.39,139.74,137.47,139.65,3131329.0,433817731.38292,437312
2026-01-12 00:00:00,139.65,144.4,138.85,142.49,7103215.02,1007525618.91206,775026
2026-01-12 04:00:00,142.49,143.32,141.28,141.34,2924791.88,416440698.4133,339070
2026-01-12 08:00:00,141.35,142.0,138.94,139.93,4653747.5,651439833.98698,488838
2026-01-12 12:00:00,139.93,142.7,138.59,142.55,5096420.74,716018427.03268,575062
2026-01-12 16:00:00,142.54,144.26,140.54,140.94,7403313.77,1053226321.27432,703600
2026-01-12 20:00:00,140.94,141.81,138.23,139.13,3545540.56,494888514.7656,379396
2026-01-13 00:00:00,139.13,139.52,137.75,138.66,3245713.45,450253627.92632,322348
2026-01-13 04:00:00,138.66,140.69,138.31,139.88,3564880.72,498219306.4149,346192
2026-01-13 08:00:00,139.88,143.09,139.87,141.8,5123543.23,726688969.14661,468465
2026-01-13 12:00:00,141.79,143.79,141.1,143.41,8239191.95,1173584673.10461,807141
2026-01-13 16:00:00,143.42,144.56,142.33,144.18,5132183.91,736083451.84281,547789
2026-01-13 20:00:00,144.18,148.8,142.91,145.48,7245877.55,1056171095.06402,775387
2026-01-14 00:00:00,145.47,146.56,144.29,146.22,3793955.46,552074807.52908,467829
2026-01-14 04:00:00,146.21,146.41,143.86,144.8,3266777.07,472859256.94486,323640
2026-01-14 08:00:00,144.8,145.7,143.45,143.7,2752584.79,398130771.7124,284112
2026-01-14 12:00:00,143.69,147.56,143.3,147.02,6629102.39,967329273.78136,714046
2026-01-14 16:00:00,147.02,148.4,145.26,146.75,5385059.13,791189522.93698,638125
2026-01-14 20:00:00,146.76,147.7,145.74,146.61,2379218.13,349271174.43368,315780
2026-01-15 00:00:00,146.62,146.65,143.1,143.4,3497729.74,506172867.68302,387226
2026-01-15 04:00:00,143.41,145.22,143.2,144.93,2311796.29,333654770.0783,257936
2026-01-15 08:00:00,144.94,145.95,144.0,144.76,2394120.59,347429197.7008,262214
2026-01-15 12:00:00,144.76,145.57,141.71,143.39,6491566.41,932373676.29603,672178
2026-01-15 16:00:00,143.39,144.15,140.77,141.44,4399816.47,626523195.91398,532665
2026-01-15 20:00:00,141.43,142.6,140.94,142.32,1504509.82,213403380.1536,240588
2026-01-16 00:00:00,142.33,142.74,141.6,141.87,1427935.53,203011504.08,198372
2026-01-16 04:00:00,141.87,143.6,141.36,142.86,2517096.68,358900029.22483,266273
2026-01-16 08:00:00,142.86,143.49,142.63,143.08,1705790.63,244000109.0947,214269
2026-01-16 12:00:00,143.07,143.8,140.17,140.68,4123361.97,586359493.22548,448013
2026-01-16 16:00:00,140.68,144.45,140.54,144.13,4060352.66,579497356.63205,448314
2026-01-16 20:00:00,144.14,145.5,143.41,144.85,2261029.18,327228386.7929,277058
2026-01-17 00:00:00,144.84,144.95,144.14,144.3,1032434.58,149162374.6973,141037
2026-01-17 04:00:00,144.29,144.45,143.54,143.56,910630.28,131088406.4699,117507
2026-01-17 08:00:00,143.56,144.58,143.18,143.92,1607067.81,231362862.3128,163297
2026-01-17 12:00:00,143.92,144.29,143.5,144.25,1602449.38,230468549.4387,180153
2026-01-17 16:00:00,144.24,144.46,143.52,144.2,1079434.12,155439936.9219,142298
2026-01-17 20:00:00,144.19,144.51,143.4,143.64,797854.28,114825639.9425,126030
2026-01-18 00:00:00,143.65,143.92,141.8,142.73,2808377.3,400532114.65443,306661
2026-01-18 04:00:00,142.73,142.94,141.94,142.04,894105.03,127410708.179,143657
2026-01-18 08:00:00,142.05,142.56,141.81,142.32,998786.9,142051471.7282,132425
2026-01-18 12:00:00,142.33,142.67,141.4,141.91,1732327.91,246125691.3896,184862
2026-01-18 16:00:00,141.92,143.19,141.67,142.2,1691137.88,240831824.055,186131
2026-01-18 20:00:00,142.2,142.99,137.65,137.79,4522345.97,633965574.97989,421621
2026-01-19 00:00:00,137.79,137.79,129.82,133.85,11009950.16,1473344507.27658,937396
2026-01-19 04:00:00,133.85,134.0,132.64,133.39,2467682.66,329078322.2521,229918
2026-01-19 08:00:00,133.39,134.32,133.2,134.05,2053305.6,274640863.5719,215573
2026-01-19 12:00:00,134.05,134.14,133.2,133.47,2121698.33,283608814.3563,221460
2026-01-19 16:00:00,133.48,134.65,133.4,134.38,1680678.55,225419814.5263,179039
2026-01-19 20:00:00,134.37,135.1,132.69,133.38,2355910.52,315187936.15761,245811
2026-01-20 00:00:00,133.38,134.6,133.0,134.21,2243801.89,300109125.748,249715
2026-01-20 04:00:00,134.2,134.21,130.51,130.56,4785543.08,632421014.16808,449348
2026-01-20 08:00:00,130.57,130.73,128.27,128.73,5840225.01,754486065.4647,481459
2026-01-20 12:00:00,128.73,129.73,127.15,127.78,6634088.68,851790360.0633,604470
2026-01-20 16:00:00,127.77,128.52,126.2,127.18,4942503.12,628483944.8634,474238
2026-01-20 20:00:00,127.18,128.03,124.25,125.72,3765637.09,476103531.0669,362936
2026-01-21 00:00:00,125.72,127.82,125.66,127.54,2736781.19,347890929.9408,285353
2026-01-21 04:00:00,127.54,128.68,127.39,127.53,2146824.87,274878753.5733,222921
2026-01-21 08:00:00,127.52,128.14,126.73,126.87,2269177.84,289113510.7351,225924
2026-01-21 12:00:00,126.87,131.13,126.09,130.38,7250542.83,932173853.5878,619174
2026-01-21 16:00:00,130.37,131.64,125.17,131.46,9413489.92,1203483938.24328,830798
2026-01-21 20:00:00,131.46,132.09,129.08,129.48,3329234.01,435109765.29791,352812
2026-01-22 00:00:00,129.48,130.55,129.45,129.77,1623205.24,211011026.4481,205112
2026-01-22 04:00:00,129.77,130.42,129.66,129.72,1003736.98,130530448.4864,139397
2026-01-22 08:00:00,129.73,130.3,129.26,130.04,1455704.09,189054691.0885,180228
2026-01-22 12:00:00,130.04,130.89,126.66,127.32,5484127.72,704926333.5677,488938
2026-01-22 16:00:00,127.32,129.3,126.82,129.18,3223033.73,412642748.8493,359016
2026-01-22 20:00:00,129.18,129.7,127.95,128.41,1691480.22,217593836.0641,214355
2026-01-23 00:00:00,128.42,128.9,128.0,128.7,1020495.43,131080166.1886,135713
2026-01-23 04:00:00,128.69,129.24,127.16,127.84,2449581.59,314293769.7078,239442
2026-01-23 08:00:00,127.84,127.93,126.84,127.45,1592731.43,202701882.6698,205902
2026-01-23 12:00:00,127.46,128.05,125.22,127.84,4102573.03,518985666.5699,390756
2026-01-23 16:00:00,127.85,130.15,127.37,128.01,5248336.4,675217973.2617,530476
2026-01-23 20:00:00,128.02,128.21,126.47,127.36,1871134.02,238157026.5605,246207
2026-01-24 00:00:00,127.37,128.05,127.22,127.82,783505.46,99972540.214,121211
2026-01-24 04:00:00,127.82,128.04,127.0,127.05,666123.68,84936834.2126,102672
2026-01-24 08:00:00,127.06,127.34,126.86,127.12,744375.34,94619214.2299,97730
2026-01-24 12:00:00,127.12,127.34,126.72,126.78,907816.15,115339603.2028,118084
2026-01-24 16:00:00,126.77,127.43,126.56,127.22,816763.58,103768031.551,112466
2026-01-24 20:00:00,127.21,127.68,127.02,127.13,600134.86,76405370.777,91738
2026-01-25 00:00:00,127.13,127.39,126.25,126.55,961229.8,121961918.0349,126004
2026-01-25 04:00:00,126.56,126.93,126.27,126.41,682301.27,86381101.5952,107067
2026-01-25 08:00:00,126.41,127.16,125.9,126.71,1217400.24,154077206.2355,148466
2026-01-25 12:00:00,126.71,127.08,125.38,125.51,1785435.23,225290421.8429,208572
2026-01-25 16:00:00,125.51,125.51,117.0,117.86,11561423.82,1401779522.9599,947793
2026-01-25 20:00:00,117.87,119.37,117.33,118.76,6936901.9,820251856.006,599554
2026-01-26 00:00:00,118.77,122.72,118.45,121.51,4672022.99,565546080.6423,491987
2026-01-26 04:00:00,121.51,123.55,121.5,122.84,2140302.27,262378479.2664,285022
2026-01-26 08:00:00,122.85,123.54,121.71,122.46,2207526.68,270357514.2008,229609
2026-01-26 12:00:00,122.46,125.15,122.29,123.46,4725759.16,583705887.9866,490312
2026-01-26 16:00:00,123.45,125.54,122.96,124.26,4222390.48,524664849.7827,420068
2026-01-26 20:00:00,124.26,124.83,123.37,124.18,1847757.87,229475515.9611,230401
2026-01-27 00:00:00,124.17,125.13,123.66,124.44,1792663.66,223068685.047,199902
2026-01-27 04:00:00,124.45,125.09,123.94,124.46,1182439.32,147084208.4783,147646
2026-01-27 08:00:00,124.45,124.73,123.51,124.08,1642041.74,203501831.2236,176129
2026-01-27 12:00:00,124.08,125.0,123.06,124.94,2998514.46,371365253.104,326168
2026-01-27 16:00:00,124.94,126.74,123.47,125.79,6056632.85,758939505.9107,562164
2026-01-27 20:00:00,125.79,127.8,125.67,127.12,3184103.66,404829445.2096,322724
2026-01-28 00:00:00,127.12,127.47,126.57,126.9,1501225.91,190603794.8555,207331
2026-01-28 04:00:00,126.89,127.49,126.39,127.04,1431163.61,181606744.2461,182460
2026-01-28 08:00:00,127.04,128.3,125.92,128.1,2537249.08,322753482.2495,269210
2026-01-28 12:00:00,128.11,128.19,125.44,126.0,3848391.57,488100019.3977,395921
2026-01-28 16:00:00,126.01,126.99,125.17,125.93,3285449.24,413996366.2479,405915
2026-01-28 20:00:00,125.93,126.62,124.69,125.28,2885623.95,362053052.3594,265148
2026-01-29 00:00:00,125.29,125.44,122.58,122.99,3205022.09,396952582.6038,340280
2026-01-29 04:00:00,122.99,123.93,122.41,123.71,1639281.59,202140004.8768,213936
2026-01-29 08:00:00,123.72,123.86,122.61,122.69,1608524.02,198002913.7041,166810
2026-01-29 12:00:00,122.69,123.12,116.03,117.6,10118496.1,1206774060.4352,723208
2026-01-29 16:00:00,117.6,119.88,115.29,116.75,9766386.74,1145658075.5402,745141
2026-01-29 20:00:00,116.75,117.84,116.46,117.72,2671298.75,312898195.0363,268284
2026-01-30 00:00:00,117.72,118.06,111.75,114.35,8559098.18,980581153.9758,666769
2026-01-30 04:00:00,114.34,116.07,112.89,115.71,4743019.03,544828335.8112,403161
2026-01-30 08:00:00,115.72,117.24,114.58,117.01,3858036.4,446237246.105,350618
2026-01-30 12:00:00,117.0,117.6,114.5,116.73,6584606.19,765410778.1919,579876
2026-01-30 16:00:00,116.72,119.09,114.26,118.23,8314453.78,973728475.2944,749656
2026-01-30 20:00:00,118.23,118.39,116.32,117.54,3486611.96,409122228.1057,359094
2026-01-31 00:00:00,117.54,118.56,117.31,118.29,1674373.46,197466017.6493,204249
2026-01-31 04:00:00,118.3,118.77,117.1,117.29,1950465.48,230361654.7123,224077
2026-01-31 08:00:00,117.3,117.46,112.67,115.96,4805258.92,555737352.026,492941
2026-01-31 12:00:00,115.97,116.12,108.15,108.57,11448607.15,1270814798.7528,1009807
2026-01-31 16:00:00,108.58,109.73,95.5,101.65,23240643.91,2402945011.8732,1819618
2026-01-31 20:00:00,101.65,106.4,100.26,105.45,7297173.89,751434133.9337,706905
2026-02-01 00:00:00,105.44,106.28,104.1,104.87,3246833.08,341511785.1822,391913
2026-02-01 04:00:00,104.88,105.97,103.87,105.14,3177444.08,333528193.31166,333582
2026-02-01 08:00:00,105.14,105.99,103.44,104.99,3843243.49,403033570.49933,370395
2026-02-01 12:00:00,104.99,106.67,100.14,101.61,9559645.85,986421992.0588,874837
2026-02-01 16:00:00,101.62,104.16,100.85,101.88,5286943.4,541364891.6567,658683
2026-02-01 20:00:00,101.87,102.81,97.95,100.73,9140147.34,919029177.5713,886748
2026-02-02 00:00:00,100.73,103.09,95.83,100.0,10831443.23,1081024261.6392,1110956
2026-02-02 04:00:00,100.01,102.39,97.0,101.38,10277277.33,1025011972.226,1067308
2026-02-02 08:00:00,101.39,103.39,101.33,102.73,3980110.63,407863088.9393,480819
2026-02-02 12:00:00,102.73,106.06,102.29,104.63,7292280.47,758878263.4142,717215
2026-02-02 16:00:00,104.62,105.71,103.43,103.83,3934317.9,411591817.5158,453004
2026-02-02 20:00:00,103.83,105.13,103.25,104.48,2253191.37,234881939.9638,269311
2026-02-03 00:00:00,104.47,104.6,102.08,104.1,3576859.81,369787844.2204,393738
2026-02-03 04:00:00,104.09,105.06,102.88,104.62,2474669.88,257485143.8403,305615
2026-02-03 08:00:00,104.62,104.95,102.38,102.92,3576985.7,369794412.6901,358148
2026-02-03 12:00:00,102.93,103.58,100.3,102.52,6574582.46,670471190.5781,627387
2026-02-03 16:00:00,102.52,102.52,96.6,98.95,11431958.89,1132791556.8028,1026542
2026-02-03 20:00:00,98.94,102.12,97.11,97.81,7946956.57,792277910.1486,731255
2026-02-04 00:00:00,97.82,99.6,97.08,99.04,4594136.75,452789693.4301,507607
2026-02-04 04:00:00,99.03,99.27,96.2,97.82,5049129.84,493632853.8464,467183
2026-02-04 08:00:00,97.83,97.88,94.5,96.03,7729510.79,744033561.9037,604127
2026-02-04 12:00:00,96.04,96.69,91.19,92.69,12616996.81,1183672416.2521,1144947
2026-02-04 16:00:00,92.69,94.67,89.92,94.32,15843926.1,1459086206.2791,1249931
2026-02-04 20:00:00,94.32,94.46,89.19,92.07,8919150.41,818812506.9085,777571
2026-02-05 00:00:00,92.07,92.88,90.13,91.1,7028464.12,643338086.3811,789090
2026-02-05 04:00:00,91.1,92.07,89.62,90.5,9054893.81,822118866.5005,834689
2026-02-05 08:00:00,90.51,93.4,88.61,89.92,8731403.65,793501208.2663,748950
2026-02-05 12:00:00,89.93,91.43,83.36,84.55,20177630.37,1763778766.1063,1641147
2026-02-05 16:00:00,84.55,86.18,81.12,81.63,17770790.22,1481444456.1284,1488948
2026-02-05 20:00:00,81.63,82.26,77.49,78.29,22624466.74,1796765844.6634,1765403
2026-02-06 00:00:00,78.29,80.22,67.29,76.66,31665738.9,2365852746.4021,2361234
2026-02-06 04:00:00,76.66,81.56,76.16,79.5,10485097.22,831152237.2878,879198
2026-02-06 08:00:00,79.49,81.98,78.55,81.26,8413183.73,676103488.1313,716746
2026-02-06 12:00:00,81.25,85.14,80.72,84.4,13954134.62,1161812039.4246,1081744
2026-02-06 16:00:00,84.39,88.59,83.5,86.97,13023717.42,1124050472.0974,1059363
2026-02-06 20:00:00,86.97,89.74,86.48,87.42,6435320.16,565481477.6087,642821
2026-02-07 00:00:00,87.41,88.31,85.84,88.01,4843477.11,421058860.6658,535392
2026-02-07 04:00:00,88.01,88.97,84.15,85.24,7914035.26,683490910.4877,696754
2026-02-07 08:00:00,85.24,85.67,84.44,84.85,3965658.11,337236453.2129,377924
2026-02-07 12:00:00,84.85,87.15,84.78,86.52,5615210.04,483637635.3527,513444
2026-02-07 16:00:00,86.51,89.15,86.11,88.22,9153597.42,799960482.3712,701139
2026-02-07 20:00:00,88.21,89.13,86.8,87.51,2525245.1,222574469.7078,280978
2026-02-08 00:00:00,87.52,88.15,86.63,86.74,2059153.19,179864255.9156,254566
2026-02-08 04:00:00,86.74,87.48,86.53,87.32,1577582.13,137306133.6033,199291
2026-02-08 08:00:00,87.32,88.93,86.34,88.16,4817624.48,422492728.9739,475550
2026-02-08 12:00:00,88.17,88.82,87.26,87.71,3940268.22,347148387.2062,386949
2026-02-08 16:00:00,87.71,88.57,85.68,88.34,4391980.22,382953324.7257,408804
2026-02-08 20:00:00,88.34,89.09,86.0,86.92,4936326.93,430770352.9551,466704
2026-02-09 00:00:00,86.91,87.93,85.66,87.62,4446683.82,386540152.2526,455155
2026-02-09 04:00:00,87.61,87.67,85.12,85.43,3358028.9,290086602.4597,304010
2026-02-09 08:00:00,85.43,85.57,82.82,83.43,5733482.3,481655374.4463,473074
2026-02-09 12:00:00,83.44,85.77,83.39,85.23,6196076.03,523433507.8067,564744
2026-02-09 16:00:00,85.23,88.66,84.75,87.9,7204040.75,627558462.9201,623709
2026-02-09 20:00:00,87.89,88.28,86.45,86.71,2557354.37,223123159.089,297576
2026-02-10 00:00:00,86.71,87.44,85.2,85.8,2654563.28,229206199.9501,286340
2026-02-10 04:00:00,85.8,86.62,84.26,84.59,3561389.21,303776000.2103,315967
2026-02-10 08:00:00,84.58,85.03,83.69,83.79,3396834.32,286685474.7439,273799
2026-02-10 12:00:00,83.78,85.18,83.14,84.24,6516942.05,547835619.6339,534537
2026-02-10 16:00:00,84.24,85.1,82.39,83.05,4720897.75,395743098.3393,430428
2026-02-10 20:00:00,83.04,83.19,81.84,82.95,2803151.54,231395741.0786,258527
2026-02-11 00:00:00,82.96,84.34,82.53,83.28,2800827.99,233716368.8075,284069
2026-02-11 04:00:00,83.27,83.49,80.23,80.96,5587017.87,455225690.9562,451221
2026-02-11 08:00:00,80.95,81.44,80.33,81.21,3501710.62,283287338.3003,283422
2026-02-11 12:00:00,81.2,83.13,78.52,79.65,10873699.24,878126941.7361,816141
2026-02-11 16:00:00,79.66,80.88,77.92,79.67,6920324.89,549420695.6715,616363
2026-02-11 20:00:00,79.66,81.08,78.59,79.25,3945032.1,314836249.4244,354047
2026-02-12 00:00:00,79.24,80.74,79.22,80.56,2256033.21,180889411.8315,232079
2026-02-12 04:00:00,80.56,80.96,79.37,80.72,2990007.35,240476562.5999,246825
2026-02-12 08:00:00,80.72,82.19,80.26,81.8,3775519.5,307506199.6213,287604
2026-02-12 12:00:00,81.79,82.07,80.03,80.06,5618986.46,455544098.7789,478050
2026-02-12 16:00:00,80.06,80.17,76.9,77.57,9784321.88,765765298.0096,731231
2026-02-12 20:00:00,77.57,78.48,76.54,78.37,4102808.34,317791987.0948,354360
2026-02-13 00:00:00,78.37,79.44,77.49,79.0,3032968.16,238226831.0385,301849
2026-02-13 04:00:00,79.01,79.23,77.79,78.93,2708482.29,212745141.1839,243517
2026-02-13 08:00:00,78.93,80.58,78.8,80.26,3767128.54,300833834.3515,301902
2026-02-13 12:00:00,80.26,84.3,79.68,83.16,8373552.78,684258487.5877,691650
2026-02-13 16:00:00,83.16,85.59,82.87,84.6,6180372.0,521949529.1881,538931
2026-02-13 20:00:00,84.6,85.16,84.04,84.29,2522316.91,213395760.5496,252106
2026-02-14 00:00:00,84.28,85.25,84.17,85.0,1753248.6,148669893.2397,174811
2026-02-14 04:00:00,85.0,85.22,84.28,85.12,1308740.73,110963623.5337,133680
2026-02-14 08:00:00,85.13,87.28,85.1,87.22,4347272.86,374805376.154,334927
2026-02-14 12:00:00,87.22,87.65,85.97,87.38,4268942.68,370601938.7373,341759
2026-02-14 16:00:00,87.39,88.42,86.96,88.13,3596222.17,315805146.9683,300588
2026-02-14 20:00:00,88.14,88.85,87.22,88.02,3033711.84,267256712.1594,267405
2026-02-15 00:00:00,88.01,88.76,87.31,88.56,3124405.81,274871952.3121,310496
2026-02-15 04:00:00,88.56,90.96,88.32,90.68,5422413.25,485339316.199,446527
2026-02-15 08:00:00,90.68,91.19,88.95,89.13,4214675.46,378640747.467,373067
2026-02-15 12:00:00,89.12,89.59,86.61,87.36,6582668.03,577613317.2177,488876
2026-02-15 16:00:00,87.36,87.85,85.14,85.29,5687075.91,491344780.6872,445247
2026-02-15 20:00:00,85.28,86.63,84.83,86.09,3367147.22,288832486.577,311232
2026-02-16 00:00:00,86.09,86.59,84.71,85.11,2821093.01,241654521.473,275027
2026-02-16 04:00:00,85.1,85.86,84.4,85.01,2554024.87,217195795.9728,223026
2026-02-16 08:00:00,85.02,86.2,84.4,85.46,3137510.27,268054133.8148,277008
2026-02-16 12:00:00,85.46,86.88,82.51,83.16,9239381.06,781757445.2036,699145
2026-02-16 16:00:00,83.16,85.11,83.05,84.57,4272702.76,359582026.6583,350860
2026-02-16 20:00:00,84.57,86.61,84.44,86.39,2904583.98,248796935.4642,272543
2026-02-17 00:00:00,86.39,87.66,85.72,86.31,3549404.07,307830325.8872,315305
2026-02-17 04:00:00,86.31,86.76,85.38,86.42,2351754.98,202675744.9622,223844
2026-02-17 08:00:00,86.42,86.71,84.67,85.04,2770034.36,236976821.638,237919
2026-02-17 12:00:00,85.05,85.53,82.86,83.76,7122014.65,599167145.2942,525209
2026-02-17 16:00:00,83.75,85.72,83.08,84.8,5470260.94,462223487.251,500320
2026-02-17 20:00:00,84.8,85.39,84.47,85.02,1878253.32,159634462.5147,203462
2026-02-18 00:00:00,85.02,85.44,83.87,85.27,1989318.8,168589865.6335,206264
2026-02-18 04:00:00,85.27,85.5,84.63,85.22,1362968.11,115928747.0004,161022
2026-02-18 08:00:00,85.22,86.04,82.74,82.8,4449134.95,375124846.0823,315773
2026-02-18 12:00:00,82.79,83.97,81.62,82.95,6741558.03,557892849.4296,572709
2026-02-18 16:00:00,82.96,83.04,80.37,80.87,5570899.99,454917982.5101,453830
2026-02-18 20:00:00,80.87,81.59,80.79,81.55,2127847.42,172900332.6861,218443
2026-02-19 00:00:00,81.54,82.02,81.18,81.71,1573170.08,128421411.6558,180171
2026-02-19 04:00:00,81.72,82.63,81.32,82.34,2098413.6,172062764.9274,200371
2026-02-19 08:00:00,82.34,82.35,80.86,81.2,2862684.75,233466759.5465,234594
2026-02-19 12:00:00,81.2,81.29,79.57,80.59,6042365.42,486154495.2474,502568
2026-02-19 16:00:00,80.58,82.19,79.86,81.9,4945970.42,401084863.1091,434037
2026-02-19 20:00:00,81.9,82.52,81.63,82.46,1862285.45,152876188.1773,213082
2026-02-20 00:00:00,82.46,83.5,82.27,82.97,2604325.21,216156784.1446,260530
2026-02-20 04:00:00,82.98,83.88,82.32,83.38,2666605.59,221865040.7757,238801
2026-02-20 08:00:00,83.39,84.81,83.24,83.52,3766215.58,316473368.4919,310969
2026-02-20 12:00:00,83.53,84.76,81.71,84.33,8602945.37,715660511.9303,631163
2026-02-20 16:00:00,84.32,85.44,82.75,84.72,6954020.41,585631251.3795,581223
2026-02-20 20:00:00,84.71,85.19,84.06,84.62,1855567.1,156811045.5771,206669
2026-02-21 00:00:00,84.62,84.98,84.16,84.29,1286212.54,108729461.2553,143261
2026-02-21 04:00:00,84.3,84.74,83.91,84.18,1368845.5,115322844.9203,134564
2026-02-21 08:00:00,84.17,85.67,84.14,85.35,1972790.08,167712712.4604,169934
2026-02-21 12:00:00,85.35,86.68,84.96,86.52,3331316.13,286400861.7265,255494
2026-02-21 16:00:00,86.52,86.67,85.77,86.17,2492266.93,214811100.3355,198917
2026-02-21 20:00:00,86.16,86.17,85.07,85.12,2017123.8,172503883.9031,175915
2026-02-22 00:00:00,85.12,85.56,84.62,85.03,1994395.73,169565482.9363,184388
2026-02-22 04:00:00,85.03,85.5,84.73,85.19,1316045.91,112055761.3557,123515
2026-02-22 08:00:00,85.19,85.43,84.81,85.2,1094982.09,93186560.3271,118357
2026-02-22 12:00:00,85.2,85.26,82.94,83.44,4846636.9,406401278.3223,328649
2026-02-22 16:00:00,83.44,83.58,82.76,83.25,1853451.66,154088485.4334,166814
2026-02-22 20:00:00,83.24,83.66,82.43,82.75,2401527.95,199464826.6069,207954
2026-02-23 00:00:00,82.75,82.81,77.16,77.57,11051891.02,873004315.7364,815564
2026-02-23 04:00:00,77.58,79.63,77.06,79.32,5425259.45,424637546.4299,407058
2026-02-23 08:00:00,79.32,80.63,78.44,79.99,4954704.34,394853241.1953,336421
2026-02-23 12:00:00,79.99,81.06,79.15,79.35,6887799.96,552471259.6876,475265
2026-02-23 16:00:00,79.36,79.76,77.21,78.25,7176705.79,563629832.4129,517040
2026-02-23 20:00:00,78.24,78.87,77.57,77.87,3039964.98,238079042.1199,255821
2026-02-24 00:00:00,77.86,78.49,75.68,76.84,6229225.65,481576672.2979,471309
2026-02-24 04:00:00,76.84,77.29,76.06,76.79,3752276.14,287713246.8539,325368
2026-02-24 08:00:00,76.8,77.15,75.87,76.71,2491443.65,190884637.5579,225586
2026-02-24 12:00:00,76.71,77.45,75.57,77.25,5673151.03,434848899.6066,481325
2026-02-24 16:00:00,77.26,78.47,77.17,78.32,4203737.6,327735224.5473,363686
2026-02-24 20:00:00,78.33,79.56,78.06,78.91,3183557.23,250766229.6866,268040
2026-02-25 00:00:00,78.92,82.97,78.66,81.72,7854345.96,640111329.3209,572694
2026-02-25 04:00:00,81.71,82.41,80.93,82.13,4471574.82,365306739.2501,328138
2026-02-25 08:00:00,82.14,83.38,81.88,83.33,3728464.32,307844635.7679,292690
2026-02-25 12:00:00,83.34,86.43,82.85,85.92,9124959.82,771887274.4078,667282
2026-02-25 16:00:00,85.92,89.6,85.92,89.39,8931033.88,785899347.9947,676035
2026-02-25 20:00:00,89.4,92.09,87.05,88.01,8328907.78,745271334.6764,671187
2026-02-26 00:00:00,88.01,89.22,87.51,87.91,4074760.39,360027306.561,391658
2026-02-26 04:00:00,87.91,89.0,87.17,87.21,3056489.54,268510575.1157,288259
2026-02-26 08:00:00,87.21,88.64,86.53,86.76,3978906.52,348490206.9596,326528
2026-02-26 12:00:00,86.76,88.22,85.22,86.52,6307232.74,546977118.7782,559760
2026-02-26 16:00:00,86.52,86.71,84.25,86.41,6859220.34,585546702.6853,498500
2026-02-26 20:00:00,86.42,86.83,85.68,85.86,1834156.79,157969273.7943,186589
2026-02-27 00:00:00,85.86,87.77,85.14,87.57,3216450.86,277115055.9128,276955
2026-02-27 04:00:00,87.57,88.26,86.74,87.26,3368454.52,294562835.2595,272804
2026-02-27 08:00:00,87.27,87.88,83.27,83.53,5632666.89,481793467.2003,434435
2026-02-27 12:00:00,83.52,83.71,81.89,82.64,7873812.6,651799029.2772,600838
2026-02-27 16:00:00,82.63,82.64,81.05,81.52,4894416.71,399629437.335,418606
2026-02-27 20:00:00,81.52,82.07,80.26,81.8,3611915.71,293946301.3134,263977
2026-02-28 00:00:00,81.8,82.22,81.47,81.69,1761080.21,144181417.0917,179979
2026-02-28 04:00:00,81.68,81.85,77.06,78.63,9914305.46,783817493.4344,715588
2026-02-28 08:00:00,78.64,79.53,77.67,78.71,4882408.09,383484758.9102,403754
2026-02-28 12:00:00,78.71,81.46,78.55,80.87,7771247.18,623522684.4748,532976
2026-02-28 16:00:00,80.86,82.87,80.43,82.15,5133728.34,419190562.5683,392134
2026-02-28 20:00:00,82.15,85.63,81.9,84.29,6154779.25,517501217.783,501932
2026-03-01 00:00:00,84.29,88.88,84.22,87.98,7335640.41,636954201.399,632292
2026-03-01 04:00:00,87.99,88.23,86.11,86.58,4211304.57,366620391.6934,370792
2026-03-01 08:00:00,86.59,86.79,84.67,85.13,4091672.67,349419561.4337,333336
2026-03-01 12:00:00,85.13,86.95,84.46,85.61,5446604.14,467516385.378,442761
2026-03-01 16:00:00,85.61,86.05,82.98,83.19,6583085.77,554932455.0811,475294
2026-03-01 20:00:00,83.19,84.17,81.64,83.55,5679845.57,470568625.9483,445655
2026-03-02 00:00:00,83.55,86.14,83.41,84.74,4686035.96,396276895.3336,441837
2026-03-02 04:00:00,84.73,84.8,82.32,82.9,3384587.71,282746800.1969,299528
2026-03-02 08:00:00,82.9,84.28,82.3,83.85,4145138.61,345963714.029,333452
2026-03-02 12:00:00,83.84,88.96,82.72,88.74,10879408.65,935350405.8703,809799
2026-03-02 16:00:00,88.74,90.32,86.36,87.62,9129358.26,805905278.5353,733759
2026-03-02 20:00:00,87.61,88.19,86.27,86.59,4005632.44,350016981.4112,382345
2026-03-03 00:00:00,86.59,87.28,85.16,86.23,3411596.85,294266565.7864,378988
2026-03-03 04:00:00,86.23,86.77,85.33,85.53,3426435.04,294344407.1963,298690
2026-03-03 08:00:00,85.52,85.73,83.63,84.15,6231376.3,525336566.7215,462541
2026-03-03 12:00:00,84.15,85.32,82.4,84.98,8148984.0,683716279.7815,681553
2026-03-03 16:00:00,84.97,87.31,84.1,85.04,8481978.98,724611823.2283,700677
2026-03-03 20:00:00,85.04,87.43,84.13,86.92,3932866.74,337908522.4597,384577
2026-03-04 00:00:00,86.91,88.06,85.12,85.71,4871235.67,422200803.6439,465490
2026-03-04 04:00:00,85.71,87.49,84.75,87.38,4333285.07,371554460.5415,378133
2026-03-04 08:00:00,87.38,91.48,86.94,89.73,10541381.63,946082110.0676,774692
2026-03-04 12:00:00,89.74,93.12,88.66,92.88,9967344.82,903363721.1627,796566
2026-03-04 16:00:00,92.89,94.15,90.57,93.14,7551773.36,695498270.3424,603032
2026-03-04 20:00:00,93.13,93.73,90.24,90.82,4483545.1,413470157.5517,412379
2026-03-05 00:00:00,90.81,91.38,89.55,89.98,3750862.71,338894662.2676,378930
2026-03-05 04:00:00,89.98,91.25,89.63,90.11,3310283.22,299114039.7909,311851
2026-03-05 08:00:00,90.1,92.91,89.61,91.76,5085141.57,465009198.5582,420225
2026-03-05 12:00:00,91.77,92.15,88.76,89.56,7503613.72,678410850.498,656986
2026-03-05 16:00:00,89.56,89.58,87.84,88.68,5771234.42,510904575.1984,470992
2026-03-05 20:00:00,88.69,89.81,88.5,88.74,2776980.96,247498568.8719,251504
2026-03-06 00:00:00,88.74,89.26,87.95,88.36,3134663.1,277688940.1468,295498
2026-03-06 04:00:00,88.35,88.87,87.45,88.64,3042623.11,268007839.9595,275203
2026-03-06 08:00:00,88.64,88.64,87.05,87.21,3144705.13,275731882.9715,285189
2026-03-06 12:00:00,87.21,87.23,83.89,84.57,9892245.8,846497976.6351,741129
2026-03-06 16:00:00,84.57,85.83,83.52,85.14,4839782.08,409855209.2961,417532
2026-03-06 20:00:00,85.14,85.41,84.39,84.64,2041986.18,173124150.6378,183245
2026-03-07 00:00:00,84.65,85.03,84.24,84.47,1528924.17,129364744.5782,163358
2026-03-07 04:00:00,84.48,84.51,83.82,84.27,1928731.56,162309435.6275,174335
2026-03-07 08:00:00,84.27,84.87,84.07,84.61,1713466.0,144794723.1442,146614
2026-03-07 12:00:00,84.6,84.73,83.26,83.69,2679700.79,225122875.4166,206380
2026-03-07 16:00:00,83.69,84.03,82.22,82.47,2897884.22,241009899.0634,221215
2026-03-07 20:00:00,82.47,83.28,82.46,83.17,1486526.87,123322849.3868,135525
2026-03-08 00:00:00,83.17,83.44,82.03,82.27,2366049.17,195676610.9071,191659
2026-03-08 04:00:00,82.28,83.06,81.67,82.9,2301372.75,189698921.2689,198296
2026-03-08 08:00:00,82.89,84.07,82.43,82.74,3286028.76,273274084.7308,246334
2026-03-08 12:00:00,82.75,82.95,81.11,81.99,4757695.64,390176439.0144,344553
2026-03-08 16:00:00,81.99,82.62,81.23,82.44,2801698.87,229177129.9925,243691
2026-03-08 20:00:00,82.43,82.93,80.18,81.56,5200998.48,424347609.782,426464
2026-03-09 00:00:00,81.57,84.47,81.5,83.1,5441220.53,450784454.4849,497261
2026-03-09 04:00:00,83.1,84.58,82.25,83.12,4201069.91,350764686.2323,351127
2026-03-09 08:00:00,83.12,84.56,82.87,83.52,3402380.07,284836664.0401,315213
2026-03-09 12:00:00,83.52,85.71,83.34,85.01,6127073.79,519968553.7126,513310
2026-03-09 16:00:00,85.0,87.0,84.27,85.92,6169798.19,527386365.4689,450444
2026-03-09 20:00:00,85.93,86.32,84.78,84.91,3103547.62,266096344.5439,269752
2026-03-10 00:00:00,84.91,86.86,84.79,85.52,3890709.12,334139266.0676,323960
2026-03-10 04:00:00,85.51,86.96,85.34,86.66,3267384.94,281958336.0967,269087
2026-03-10 08:00:00,86.67,87.65,86.52,86.75,3891353.35,338529938.6168,319073
2026-03-10 12:00:00,86.75,88.58,84.86,88.31,7807989.26,677905384.3459,614276
2026-03-10 16:00:00,88.31,88.78,85.59,85.97,6140314.29,535854221.4614,508600
2026-03-10 20:00:00,85.96,86.39,84.95,85.83,2987442.63,255872110.1518,243951
2026-03-11 00:00:00,85.82,86.22,85.43,85.56,2213504.29,189962802.3038,195694
2026-03-11 04:00:00,85.57,86.83,85.07,85.39,3375703.19,290255330.9489,246234
2026-03-11 08:00:00,85.39,85.57,84.3,84.51,3405612.16,289547054.8634,250604
2026-03-11 12:00:00,84.5,87.35,84.3,85.37,8670732.42,744641130.9666,625016
2026-03-11 16:00:00,85.37,88.06,85.24,87.25,6211801.78,540853523.191,464534
2026-03-11 20:00:00,87.25,87.9,86.4,86.52,2038845.85,177588134.4343,211862
2026-03-12 00:00:00,86.52,86.73,84.63,84.94,3349488.19,286948785.5877,271422
2026-03-12 04:00:00,84.94,85.86,84.82,85.77,2599595.89,221505392.993,211510
2026-03-12 08:00:00,85.77,87.1,85.34,86.75,3860585.36,333240016.0231,299394
2026-03-12 12:00:00,86.75,87.66,85.03,86.53,7832956.89,677772918.6867,602536
2026-03-12 16:00:00,86.52,87.05,85.61,86.75,4065214.51,351394463.8043,374240
2026-03-12 20:00:00,86.75,87.18,85.9,86.8,2236963.15,193664803.9586,196569
2026-03-13 00:00:00,86.79,91.15,86.66,89.66,8805412.57,789177443.707,753840
2026-03-13 04:00:00,89.66,89.71,88.1,88.62,3160797.69,280675853.8944,296396
2026-03-13 08:00:00,88.62,90.41,88.27,90.27,4005113.94,358755306.8744,351756
2026-03-13 12:00:00,90.27,93.38,89.24,89.42,10772664.73,983747178.9109,812628
2026-03-13 16:00:00,89.43,90.14,88.3,88.86,5432150.03,483909095.9095,454142
2026-03-13 20:00:00,88.86,89.09,87.68,88.12,2539029.62,224298825.3698,234206
2026-03-14 00:00:00,88.11,88.57,87.75,88.35,1616075.56,142463492.2931,159840
2026-03-14 04:00:00,88.35,88.66,86.87,87.27,2498143.07,219114073.4358,208895
2026-03-14 08:00:00,87.27,87.51,86.41,86.9,2082418.59,180906358.2275,176359
2026-03-14 12:00:00,86.9,87.31,86.57,86.67,1788421.65,155445685.2732,167333
2026-03-14 16:00:00,86.67,87.07,86.57,86.95,971053.29,84365485.0868,98466
2026-03-14 20:00:00,86.96,88.12,86.8,87.99,1516556.49,132724347.0837,164321
2026-03-15 00:00:00,88.0,88.59,87.51,87.79,2212422.48,194619188.6144,218300
2026-03-15 04:00:00,87.8,88.59,87.79,88.17,1808932.59,159636817.5847,166858
2026-03-15 08:00:00,88.18,88.83,88.09,88.51,1523388.82,134754999.7986,146067
2026-03-15 12:00:00,88.51,88.52,87.31,87.86,2275311.4,199830035.8853,201640
2026-03-15 16:00:00,87.86,88.77,87.41,88.14,2127431.39,187377120.2907,191179
2026-03-15 20:00:00,88.13,93.23,87.92,92.28,7798108.48,709929728.1454,683178
2026-03-16 00:00:00,92.28,93.97,91.15,93.14,5897670.94,545590808.8181,603216
2026-03-16 04:00:00,93.14,94.33,92.91,93.54,5420926.47,507403104.9146,505008
2026-03-16 08:00:00,93.54,93.99,92.54,93.71,3254920.26,303869814.6301,309806
2026-03-16 12:00:00,93.71,95.08,92.32,93.14,8050847.36,754665902.7435,640211
2026-03-16 16:00:00,93.13,95.45,93.07,95.18,4266034.55,402635286.9036,422872
2026-03-16 20:00:00,95.17,97.65,95.02,96.14,4943695.2,475576969.9555,457968
2026-03-17 00:00:00,96.14,96.91,93.66,94.02,4629523.62,440926854.3342,467335
2026-03-17 04:00:00,94.02,94.6,93.11,94.38,3048647.24,286183652.1223,297829
2026-03-17 08:00:00,94.38,95.05,93.2,93.59,3261144.91,306711973.8304,298303
2026-03-17 12:00:00,93.59,95.1,93.1,93.76,4850980.64,455692421.5473,445312
2026-03-17 16:00:00,93.77,95.6,93.66,94.6,3404592.46,322557438.2247,311633
2026-03-17 20:00:00,94.59,95.57,94.35,94.57,2298393.17,218298579.2505,212127
2026-03-18 00:00:00,94.57,95.63,94.04,94.99,2177485.77,206349470.8875,240946
2026-03-18 04:00:00,95.0,95.07,93.66,93.89,2670373.54,251503766.4949,224170
2026-03-18 08:00:00,93.89,94.38,91.75,91.95,4417160.69,410670749.903,351546
2026-03-18 12:00:00,91.96,92.0,88.51,89.31,9234260.32,831524757.7951,745490
2026-03-18 16:00:00,89.31,90.81,88.57,89.65,4802729.5,430615032.4279,483386
2026-03-18 20:00:00,89.66,90.58,88.92,90.02,2337250.53,210118532.4939,236713
2026-03-19 00:00:00,90.02,91.37,89.73,90.69,2859529.73,258841462.1525,265405
2026-03-19 04:00:00,90.69,90.69,88.57,89.37,4996866.37,447863298.7901,362550
2026-03-19 08:00:00,89.37,90.46,89.04,89.58,3013879.26,270493213.8523,293855
2026-03-19 12:00:00,89.59,89.59,87.1,87.58,7280458.66,641608852.1781,576548
2026-03-19 16:00:00,87.57,87.77,86.79,87.46,1354517.22,118351473.801,111303
